
Prepaid Card Kiosk.elf:     file format elf32-avr

Sections:
Idx Name          Size      VMA       LMA       File off  Algn
  0 .data         00000156  00800100  00002850  000028e4  2**0
                  CONTENTS, ALLOC, LOAD, DATA
  1 .text         00002850  00000000  00000000  00000094  2**1
                  CONTENTS, ALLOC, LOAD, READONLY, CODE
  2 .bss          00000043  00800256  00800256  00002a3a  2**0
                  ALLOC
  3 .comment      0000005c  00000000  00000000  00002a3a  2**0
                  CONTENTS, READONLY
  4 .note.gnu.avr.deviceinfo 00000040  00000000  00000000  00002a98  2**2
                  CONTENTS, READONLY
  5 .debug_aranges 000002e8  00000000  00000000  00002ad8  2**0
                  CONTENTS, READONLY, DEBUGGING
  6 .debug_info   000036b4  00000000  00000000  00002dc0  2**0
                  CONTENTS, READONLY, DEBUGGING
  7 .debug_abbrev 00001234  00000000  00000000  00006474  2**0
                  CONTENTS, READONLY, DEBUGGING
  8 .debug_line   00002153  00000000  00000000  000076a8  2**0
                  CONTENTS, READONLY, DEBUGGING
  9 .debug_frame  0000084c  00000000  00000000  000097fc  2**2
                  CONTENTS, READONLY, DEBUGGING
 10 .debug_str    000008f2  00000000  00000000  0000a048  2**0
                  CONTENTS, READONLY, DEBUGGING
 11 .debug_loc    00002007  00000000  00000000  0000a93a  2**0
                  CONTENTS, READONLY, DEBUGGING
 12 .debug_ranges 00000248  00000000  00000000  0000c941  2**0
                  CONTENTS, READONLY, DEBUGGING

Disassembly of section .text:

00000000 <__vectors>:
       0:	0c 94 68 00 	jmp	0xd0	; 0xd0 <__ctors_end>
       4:	0c 94 85 00 	jmp	0x10a	; 0x10a <__bad_interrupt>
       8:	0c 94 85 00 	jmp	0x10a	; 0x10a <__bad_interrupt>
       c:	0c 94 85 00 	jmp	0x10a	; 0x10a <__bad_interrupt>
      10:	0c 94 85 00 	jmp	0x10a	; 0x10a <__bad_interrupt>
      14:	0c 94 85 00 	jmp	0x10a	; 0x10a <__bad_interrupt>
      18:	0c 94 85 00 	jmp	0x10a	; 0x10a <__bad_interrupt>
      1c:	0c 94 85 00 	jmp	0x10a	; 0x10a <__bad_interrupt>
      20:	0c 94 85 00 	jmp	0x10a	; 0x10a <__bad_interrupt>
      24:	0c 94 85 00 	jmp	0x10a	; 0x10a <__bad_interrupt>
      28:	0c 94 85 00 	jmp	0x10a	; 0x10a <__bad_interrupt>
      2c:	0c 94 85 00 	jmp	0x10a	; 0x10a <__bad_interrupt>
      30:	0c 94 85 00 	jmp	0x10a	; 0x10a <__bad_interrupt>
      34:	0c 94 85 00 	jmp	0x10a	; 0x10a <__bad_interrupt>
      38:	0c 94 85 00 	jmp	0x10a	; 0x10a <__bad_interrupt>
      3c:	0c 94 85 00 	jmp	0x10a	; 0x10a <__bad_interrupt>
      40:	0c 94 85 00 	jmp	0x10a	; 0x10a <__bad_interrupt>
      44:	0c 94 85 00 	jmp	0x10a	; 0x10a <__bad_interrupt>
      48:	0c 94 85 00 	jmp	0x10a	; 0x10a <__bad_interrupt>
      4c:	0c 94 85 00 	jmp	0x10a	; 0x10a <__bad_interrupt>
      50:	0c 94 85 00 	jmp	0x10a	; 0x10a <__bad_interrupt>
      54:	0c 94 85 00 	jmp	0x10a	; 0x10a <__bad_interrupt>
      58:	0c 94 85 00 	jmp	0x10a	; 0x10a <__bad_interrupt>
      5c:	0c 94 85 00 	jmp	0x10a	; 0x10a <__bad_interrupt>
      60:	0c 94 85 00 	jmp	0x10a	; 0x10a <__bad_interrupt>
      64:	0c 94 85 00 	jmp	0x10a	; 0x10a <__bad_interrupt>
      68:	5e 0a       	sbc	r5, r30
      6a:	6c 0a       	sbc	r6, r28
      6c:	7a 0a       	sbc	r7, r26
      6e:	00 08       	sbc	r0, r0
      70:	11 08       	sbc	r1, r1
      72:	21 08       	sbc	r2, r1
      74:	33 08       	sbc	r3, r3
      76:	45 08       	sbc	r4, r5
      78:	57 08       	sbc	r5, r7
      7a:	67 08       	sbc	r6, r7
      7c:	78 08       	sbc	r7, r8
      7e:	8a 08       	sbc	r8, r10
      80:	99 08       	sbc	r9, r9
      82:	50 0a       	sbc	r5, r16
      84:	7a 0a       	sbc	r7, r26
      86:	7a 0a       	sbc	r7, r26
      88:	7a 0a       	sbc	r7, r26
      8a:	7a 0a       	sbc	r7, r26
      8c:	7a 0a       	sbc	r7, r26
      8e:	7a 0a       	sbc	r7, r26
      90:	aa 08       	sbc	r10, r10
      92:	b9 08       	sbc	r11, r9
      94:	c9 08       	sbc	r12, r9
      96:	d9 08       	sbc	r13, r9
      98:	ea 08       	sbc	r14, r10
      9a:	fa 08       	sbc	r15, r10
      9c:	0a 09       	sbc	r16, r10
      9e:	1b 09       	sbc	r17, r11
      a0:	2a 09       	sbc	r18, r10
      a2:	39 09       	sbc	r19, r9
      a4:	4b 09       	sbc	r20, r11
      a6:	5d 09       	sbc	r21, r13
      a8:	6c 09       	sbc	r22, r12
      aa:	7c 09       	sbc	r23, r12
      ac:	8d 09       	sbc	r24, r13
      ae:	9c 09       	sbc	r25, r12
      b0:	ac 09       	sbc	r26, r12
      b2:	be 09       	sbc	r27, r14
      b4:	d0 09       	sbc	r29, r0
      b6:	e0 09       	sbc	r30, r0
      b8:	ef 09       	sbc	r30, r15
      ba:	fe 09       	sbc	r31, r14
      bc:	0e 0a       	sbc	r0, r30
      be:	1e 0a       	sbc	r1, r30
      c0:	2e 0a       	sbc	r2, r30
      c2:	3e 0a       	sbc	r3, r30

000000c4 <__trampolines_end>:
      c4:	63 64       	ori	r22, 0x43	; 67
      c6:	69 6e       	ori	r22, 0xE9	; 233
      c8:	6f 70       	andi	r22, 0x0F	; 15
      ca:	73 75       	andi	r23, 0x53	; 83
      cc:	78 58       	subi	r23, 0x88	; 136
      ce:	5b 00       	.word	0x005b	; ????

000000d0 <__ctors_end>:
      d0:	11 24       	eor	r1, r1
      d2:	1f be       	out	0x3f, r1	; 63
      d4:	cf ef       	ldi	r28, 0xFF	; 255
      d6:	d8 e0       	ldi	r29, 0x08	; 8
      d8:	de bf       	out	0x3e, r29	; 62
      da:	cd bf       	out	0x3d, r28	; 61

000000dc <__do_copy_data>:
      dc:	12 e0       	ldi	r17, 0x02	; 2
      de:	a0 e0       	ldi	r26, 0x00	; 0
      e0:	b1 e0       	ldi	r27, 0x01	; 1
      e2:	e0 e5       	ldi	r30, 0x50	; 80
      e4:	f8 e2       	ldi	r31, 0x28	; 40
      e6:	02 c0       	rjmp	.+4      	; 0xec <__do_copy_data+0x10>
      e8:	05 90       	lpm	r0, Z+
      ea:	0d 92       	st	X+, r0
      ec:	a6 35       	cpi	r26, 0x56	; 86
      ee:	b1 07       	cpc	r27, r17
      f0:	d9 f7       	brne	.-10     	; 0xe8 <__do_copy_data+0xc>

000000f2 <__do_clear_bss>:
      f2:	22 e0       	ldi	r18, 0x02	; 2
      f4:	a6 e5       	ldi	r26, 0x56	; 86
      f6:	b2 e0       	ldi	r27, 0x02	; 2
      f8:	01 c0       	rjmp	.+2      	; 0xfc <.do_clear_bss_start>

000000fa <.do_clear_bss_loop>:
      fa:	1d 92       	st	X+, r1

000000fc <.do_clear_bss_start>:
      fc:	a9 39       	cpi	r26, 0x99	; 153
      fe:	b2 07       	cpc	r27, r18
     100:	e1 f7       	brne	.-8      	; 0xfa <.do_clear_bss_loop>
     102:	0e 94 e3 07 	call	0xfc6	; 0xfc6 <main>
     106:	0c 94 26 14 	jmp	0x284c	; 0x284c <_exit>

0000010a <__bad_interrupt>:
     10a:	0c 94 00 00 	jmp	0	; 0x0 <__vectors>

0000010e <EEPROM_ReadByte>:

    return FALSE;
}

u8 EEPROM_ReadByte(u16 address)
{
     10e:	cf 93       	push	r28
     110:	df 93       	push	r29
     112:	c8 2f       	mov	r28, r24
     114:	d9 2f       	mov	r29, r25

    /*
        Send memory address
    */

    if(!I2C_Start((EEPROM_ADDRESS << 1) |
     116:	80 ea       	ldi	r24, 0xA0	; 160
     118:	0e 94 67 01 	call	0x2ce	; 0x2ce <I2C_Start>
     11c:	88 23       	and	r24, r24
     11e:	89 f0       	breq	.+34     	; 0x142 <EEPROM_ReadByte+0x34>
                  I2C_WRITE))
    {
        return 0;
    }

    I2C_Write((u8)(address >> 8));
     120:	8d 2f       	mov	r24, r29
     122:	0e 94 87 01 	call	0x30e	; 0x30e <I2C_Write>

    I2C_Write((u8)address);
     126:	8c 2f       	mov	r24, r28
     128:	0e 94 87 01 	call	0x30e	; 0x30e <I2C_Write>

    /*
        Repeated START
    */

    if(!I2C_Start((EEPROM_ADDRESS << 1) |
     12c:	81 ea       	ldi	r24, 0xA1	; 161
     12e:	0e 94 67 01 	call	0x2ce	; 0x2ce <I2C_Start>
     132:	88 23       	and	r24, r24
     134:	31 f0       	breq	.+12     	; 0x142 <EEPROM_ReadByte+0x34>
                  I2C_READ))
    {
        return 0;
    }

    data = I2C_ReadNACK();
     136:	0e 94 a3 01 	call	0x346	; 0x346 <I2C_ReadNACK>
     13a:	c8 2f       	mov	r28, r24

    I2C_Stop();
     13c:	0e 94 ad 01 	call	0x35a	; 0x35a <I2C_Stop>

    return data;
     140:	8c 2f       	mov	r24, r28
}
     142:	df 91       	pop	r29
     144:	cf 91       	pop	r28
     146:	08 95       	ret

00000148 <EEPROM_WriteByte>:



u8 EEPROM_WriteByte(u16 address,
                    u8 data)
{
     148:	1f 93       	push	r17
     14a:	cf 93       	push	r28
     14c:	df 93       	push	r29
     14e:	18 2f       	mov	r17, r24
     150:	d9 2f       	mov	r29, r25
     152:	c6 2f       	mov	r28, r22
    if(!I2C_Start((EEPROM_ADDRESS << 1) |
     154:	80 ea       	ldi	r24, 0xA0	; 160
     156:	0e 94 67 01 	call	0x2ce	; 0x2ce <I2C_Start>
     15a:	88 23       	and	r24, r24
     15c:	d1 f0       	breq	.+52     	; 0x192 <EEPROM_WriteByte+0x4a>
                  I2C_WRITE))
    {
        return FALSE;
    }

    I2C_Write((u8)(address >> 8));
     15e:	8d 2f       	mov	r24, r29
     160:	0e 94 87 01 	call	0x30e	; 0x30e <I2C_Write>

    I2C_Write((u8)address);
     164:	81 2f       	mov	r24, r17
     166:	0e 94 87 01 	call	0x30e	; 0x30e <I2C_Write>

    I2C_Write(data);
     16a:	8c 2f       	mov	r24, r28
     16c:	0e 94 87 01 	call	0x30e	; 0x30e <I2C_Write>

    I2C_Stop();
     170:	0e 94 ad 01 	call	0x35a	; 0x35a <I2C_Stop>
	#else
		//round up by default
		__ticks_dc = (uint32_t)(ceil(fabs(__tmp)));
	#endif

	__builtin_avr_delay_cycles(__ticks_dc);
     174:	8f e1       	ldi	r24, 0x1F	; 31
     176:	9e e4       	ldi	r25, 0x4E	; 78
     178:	01 97       	sbiw	r24, 0x01	; 1
     17a:	f1 f7       	brne	.-4      	; 0x178 <EEPROM_WriteByte+0x30>
     17c:	00 c0       	rjmp	.+0      	; 0x17e <EEPROM_WriteByte+0x36>
     17e:	00 00       	nop

    /*
        Verification
    */

    if(EEPROM_ReadByte(address) == data)
     180:	81 2f       	mov	r24, r17
     182:	9d 2f       	mov	r25, r29
     184:	0e 94 87 00 	call	0x10e	; 0x10e <EEPROM_ReadByte>
     188:	c8 13       	cpse	r28, r24
     18a:	02 c0       	rjmp	.+4      	; 0x190 <EEPROM_WriteByte+0x48>
    {
        return TRUE;
     18c:	81 e0       	ldi	r24, 0x01	; 1
     18e:	01 c0       	rjmp	.+2      	; 0x192 <EEPROM_WriteByte+0x4a>
    }

    return FALSE;
     190:	80 e0       	ldi	r24, 0x00	; 0
}
     192:	df 91       	pop	r29
     194:	cf 91       	pop	r28
     196:	1f 91       	pop	r17
     198:	08 95       	ret

0000019a <EEPROM_WriteBlock>:
}

u8 EEPROM_WriteBlock(u16 address,
                     const u8 *data,
                     u16 length)
{
     19a:	cf 92       	push	r12
     19c:	df 92       	push	r13
     19e:	ef 92       	push	r14
     1a0:	ff 92       	push	r15
     1a2:	0f 93       	push	r16
     1a4:	1f 93       	push	r17
     1a6:	cf 93       	push	r28
     1a8:	df 93       	push	r29
     1aa:	6c 01       	movw	r12, r24
     1ac:	7b 01       	movw	r14, r22
     1ae:	8a 01       	movw	r16, r20
    u16 i;

    for(i = 0; i < length; i++)
     1b0:	c0 e0       	ldi	r28, 0x00	; 0
     1b2:	d0 e0       	ldi	r29, 0x00	; 0
     1b4:	0c c0       	rjmp	.+24     	; 0x1ce <EEPROM_WriteBlock+0x34>
    {
        if(!EEPROM_WriteByte(address + i,
                             data[i]))
     1b6:	f7 01       	movw	r30, r14
     1b8:	ec 0f       	add	r30, r28
     1ba:	fd 1f       	adc	r31, r29
{
    u16 i;

    for(i = 0; i < length; i++)
    {
        if(!EEPROM_WriteByte(address + i,
     1bc:	60 81       	ld	r22, Z
     1be:	ce 01       	movw	r24, r28
     1c0:	8c 0d       	add	r24, r12
     1c2:	9d 1d       	adc	r25, r13
     1c4:	0e 94 a4 00 	call	0x148	; 0x148 <EEPROM_WriteByte>
     1c8:	88 23       	and	r24, r24
     1ca:	29 f0       	breq	.+10     	; 0x1d6 <EEPROM_WriteBlock+0x3c>
                     const u8 *data,
                     u16 length)
{
    u16 i;

    for(i = 0; i < length; i++)
     1cc:	21 96       	adiw	r28, 0x01	; 1
     1ce:	c0 17       	cp	r28, r16
     1d0:	d1 07       	cpc	r29, r17
     1d2:	88 f3       	brcs	.-30     	; 0x1b6 <EEPROM_WriteBlock+0x1c>
        {
            return FALSE;
        }
    }

    return TRUE;
     1d4:	81 e0       	ldi	r24, 0x01	; 1
}
     1d6:	df 91       	pop	r29
     1d8:	cf 91       	pop	r28
     1da:	1f 91       	pop	r17
     1dc:	0f 91       	pop	r16
     1de:	ff 90       	pop	r15
     1e0:	ef 90       	pop	r14
     1e2:	df 90       	pop	r13
     1e4:	cf 90       	pop	r12
     1e6:	08 95       	ret

000001e8 <EEPROM_ReadBlock>:

u8 EEPROM_ReadBlock(u16 address,
                    u8 *data,
                    u16 length)
{
     1e8:	af 92       	push	r10
     1ea:	bf 92       	push	r11
     1ec:	cf 92       	push	r12
     1ee:	df 92       	push	r13
     1f0:	ef 92       	push	r14
     1f2:	ff 92       	push	r15
     1f4:	0f 93       	push	r16
     1f6:	1f 93       	push	r17
     1f8:	cf 93       	push	r28
     1fa:	df 93       	push	r29
     1fc:	5c 01       	movw	r10, r24
     1fe:	6b 01       	movw	r12, r22
     200:	7a 01       	movw	r14, r20
    u16 i;

    for(i = 0; i < length; i++)
     202:	c0 e0       	ldi	r28, 0x00	; 0
     204:	d0 e0       	ldi	r29, 0x00	; 0
     206:	0b c0       	rjmp	.+22     	; 0x21e <EEPROM_ReadBlock+0x36>
    {
        data[i] =
     208:	86 01       	movw	r16, r12
     20a:	0c 0f       	add	r16, r28
     20c:	1d 1f       	adc	r17, r29
            EEPROM_ReadByte(address + i);
     20e:	ce 01       	movw	r24, r28
     210:	8a 0d       	add	r24, r10
     212:	9b 1d       	adc	r25, r11
     214:	0e 94 87 00 	call	0x10e	; 0x10e <EEPROM_ReadByte>
{
    u16 i;

    for(i = 0; i < length; i++)
    {
        data[i] =
     218:	f8 01       	movw	r30, r16
     21a:	80 83       	st	Z, r24
                    u8 *data,
                    u16 length)
{
    u16 i;

    for(i = 0; i < length; i++)
     21c:	21 96       	adiw	r28, 0x01	; 1
     21e:	ce 15       	cp	r28, r14
     220:	df 05       	cpc	r29, r15
     222:	90 f3       	brcs	.-28     	; 0x208 <EEPROM_ReadBlock+0x20>
        data[i] =
            EEPROM_ReadByte(address + i);
    }

    return TRUE;
}
     224:	81 e0       	ldi	r24, 0x01	; 1
     226:	df 91       	pop	r29
     228:	cf 91       	pop	r28
     22a:	1f 91       	pop	r17
     22c:	0f 91       	pop	r16
     22e:	ff 90       	pop	r15
     230:	ef 90       	pop	r14
     232:	df 90       	pop	r13
     234:	cf 90       	pop	r12
     236:	bf 90       	pop	r11
     238:	af 90       	pop	r10
     23a:	08 95       	ret

0000023c <Feedback_Init>:
       PC1 -> Red LED
       PC2 -> Yellow LED
       PC3 -> Buzzer
    */

    FEEDBACK_DDR |= (1 << GREEN_LED_PIN)
     23c:	87 b1       	in	r24, 0x07	; 7
     23e:	8f 60       	ori	r24, 0x0F	; 15
     240:	87 b9       	out	0x07, r24	; 7
                  | (1 << RED_LED_PIN)
                  | (1 << YELLOW_LED_PIN)
                  | (1 << BUZZER_PIN);

    /* Turn everything OFF */
    FEEDBACK_PORT &= ~((1 << GREEN_LED_PIN)
     242:	88 b1       	in	r24, 0x08	; 8
     244:	80 7f       	andi	r24, 0xF0	; 240
     246:	88 b9       	out	0x08, r24	; 8
     248:	08 95       	ret

0000024a <Feedback_Warning>:


void Feedback_Warning(void)
{
    /* Turn OFF all LEDs first */
    FEEDBACK_PORT &= ~((1 << GREEN_LED_PIN)
     24a:	88 b1       	in	r24, 0x08	; 8
     24c:	88 7f       	andi	r24, 0xF8	; 248
     24e:	88 b9       	out	0x08, r24	; 8
                     | (1 << RED_LED_PIN)
                     | (1 << YELLOW_LED_PIN));

    /* Yellow LED ON */
    FEEDBACK_PORT |= (1 << YELLOW_LED_PIN);
     250:	88 b1       	in	r24, 0x08	; 8
     252:	84 60       	ori	r24, 0x04	; 4
     254:	88 b9       	out	0x08, r24	; 8
     256:	08 95       	ret

00000258 <Buzzer_BeepShort>:

/* ================= Buzzer ================= */

void Buzzer_BeepShort(void)
{
    FEEDBACK_PORT |= (1 << BUZZER_PIN);
     258:	88 b1       	in	r24, 0x08	; 8
     25a:	88 60       	ori	r24, 0x08	; 8
     25c:	88 b9       	out	0x08, r24	; 8
     25e:	2f ef       	ldi	r18, 0xFF	; 255
     260:	81 ee       	ldi	r24, 0xE1	; 225
     262:	94 e0       	ldi	r25, 0x04	; 4
     264:	21 50       	subi	r18, 0x01	; 1
     266:	80 40       	sbci	r24, 0x00	; 0
     268:	90 40       	sbci	r25, 0x00	; 0
     26a:	e1 f7       	brne	.-8      	; 0x264 <Buzzer_BeepShort+0xc>
     26c:	00 c0       	rjmp	.+0      	; 0x26e <Buzzer_BeepShort+0x16>
     26e:	00 00       	nop

    _delay_ms(100);

    FEEDBACK_PORT &= ~(1 << BUZZER_PIN);
     270:	88 b1       	in	r24, 0x08	; 8
     272:	87 7f       	andi	r24, 0xF7	; 247
     274:	88 b9       	out	0x08, r24	; 8
     276:	08 95       	ret

00000278 <Feedback_OK>:
/* ================= LEDs ================= */

void Feedback_OK(void)
{
    /* Turn OFF all LEDs first */
    FEEDBACK_PORT &= ~((1 << GREEN_LED_PIN)
     278:	88 b1       	in	r24, 0x08	; 8
     27a:	88 7f       	andi	r24, 0xF8	; 248
     27c:	88 b9       	out	0x08, r24	; 8
                     | (1 << RED_LED_PIN)
                     | (1 << YELLOW_LED_PIN));

    /* Green LED ON */
    FEEDBACK_PORT |= (1 << GREEN_LED_PIN);
     27e:	88 b1       	in	r24, 0x08	; 8
     280:	81 60       	ori	r24, 0x01	; 1
     282:	88 b9       	out	0x08, r24	; 8

    /* One short beep */
    Buzzer_BeepShort();
     284:	0e 94 2c 01 	call	0x258	; 0x258 <Buzzer_BeepShort>
     288:	08 95       	ret

0000028a <Buzzer_BeepLong>:
}


void Buzzer_BeepLong(void)
{
    FEEDBACK_PORT |= (1 << BUZZER_PIN);
     28a:	88 b1       	in	r24, 0x08	; 8
     28c:	88 60       	ori	r24, 0x08	; 8
     28e:	88 b9       	out	0x08, r24	; 8
     290:	2f ef       	ldi	r18, 0xFF	; 255
     292:	8d e2       	ldi	r24, 0x2D	; 45
     294:	92 e2       	ldi	r25, 0x22	; 34
     296:	21 50       	subi	r18, 0x01	; 1
     298:	80 40       	sbci	r24, 0x00	; 0
     29a:	90 40       	sbci	r25, 0x00	; 0
     29c:	e1 f7       	brne	.-8      	; 0x296 <Buzzer_BeepLong+0xc>
     29e:	00 c0       	rjmp	.+0      	; 0x2a0 <Buzzer_BeepLong+0x16>
     2a0:	00 00       	nop

    _delay_ms(700);

    FEEDBACK_PORT &= ~(1 << BUZZER_PIN);
     2a2:	88 b1       	in	r24, 0x08	; 8
     2a4:	87 7f       	andi	r24, 0xF7	; 247
     2a6:	88 b9       	out	0x08, r24	; 8
     2a8:	08 95       	ret

000002aa <Feedback_Denied>:


void Feedback_Denied(void)
{
    /* Turn OFF all LEDs first */
    FEEDBACK_PORT &= ~((1 << GREEN_LED_PIN)
     2aa:	88 b1       	in	r24, 0x08	; 8
     2ac:	88 7f       	andi	r24, 0xF8	; 248
     2ae:	88 b9       	out	0x08, r24	; 8
                     | (1 << RED_LED_PIN)
                     | (1 << YELLOW_LED_PIN));

    /* Red LED ON */
    FEEDBACK_PORT |= (1 << RED_LED_PIN);
     2b0:	88 b1       	in	r24, 0x08	; 8
     2b2:	82 60       	ori	r24, 0x02	; 2
     2b4:	88 b9       	out	0x08, r24	; 8

    /* One long beep */
    Buzzer_BeepLong();
     2b6:	0e 94 45 01 	call	0x28a	; 0x28a <Buzzer_BeepLong>
     2ba:	08 95       	ret

000002bc <I2C_Init>:
        SCL = 100 kHz

        TWBR = (F_CPU / F_SCL - 16) / 2
    */

    TWSR = 0x00;
     2bc:	10 92 b9 00 	sts	0x00B9, r1	; 0x8000b9 <__TEXT_REGION_LENGTH__+0x7f80b9>

    TWBR = (u8)((F_CPU / I2C_FREQ - 16) / 2);
     2c0:	88 e4       	ldi	r24, 0x48	; 72
     2c2:	80 93 b8 00 	sts	0x00B8, r24	; 0x8000b8 <__TEXT_REGION_LENGTH__+0x7f80b8>

    TWCR = (1 << TWEN);
     2c6:	84 e0       	ldi	r24, 0x04	; 4
     2c8:	80 93 bc 00 	sts	0x00BC, r24	; 0x8000bc <__TEXT_REGION_LENGTH__+0x7f80bc>
     2cc:	08 95       	ret

000002ce <I2C_Start>:
{
    /*
        START condition
    */

    TWCR = (1 << TWINT) |
     2ce:	94 ea       	ldi	r25, 0xA4	; 164
     2d0:	90 93 bc 00 	sts	0x00BC, r25	; 0x8000bc <__TEXT_REGION_LENGTH__+0x7f80bc>
           (1 << TWSTA) |
           (1 << TWEN);

    while(!(TWCR & (1 << TWINT)));
     2d4:	90 91 bc 00 	lds	r25, 0x00BC	; 0x8000bc <__TEXT_REGION_LENGTH__+0x7f80bc>
     2d8:	99 23       	and	r25, r25
     2da:	e4 f7       	brge	.-8      	; 0x2d4 <I2C_Start+0x6>

    /*
        Send address
    */

    TWDR = address;
     2dc:	80 93 bb 00 	sts	0x00BB, r24	; 0x8000bb <__TEXT_REGION_LENGTH__+0x7f80bb>

    TWCR = (1 << TWINT) |
     2e0:	84 e8       	ldi	r24, 0x84	; 132
     2e2:	80 93 bc 00 	sts	0x00BC, r24	; 0x8000bc <__TEXT_REGION_LENGTH__+0x7f80bc>
           (1 << TWEN);

    while(!(TWCR & (1 << TWINT)));
     2e6:	80 91 bc 00 	lds	r24, 0x00BC	; 0x8000bc <__TEXT_REGION_LENGTH__+0x7f80bc>
     2ea:	88 23       	and	r24, r24
     2ec:	e4 f7       	brge	.-8      	; 0x2e6 <I2C_Start+0x18>

    /*
        Check ACK
    */

    if(((TWSR & 0xF8) == 0x18) ||
     2ee:	80 91 b9 00 	lds	r24, 0x00B9	; 0x8000b9 <__TEXT_REGION_LENGTH__+0x7f80b9>
     2f2:	88 7f       	andi	r24, 0xF8	; 248
     2f4:	88 31       	cpi	r24, 0x18	; 24
     2f6:	39 f0       	breq	.+14     	; 0x306 <I2C_Start+0x38>
       ((TWSR & 0xF8) == 0x40))
     2f8:	80 91 b9 00 	lds	r24, 0x00B9	; 0x8000b9 <__TEXT_REGION_LENGTH__+0x7f80b9>

    /*
        Check ACK
    */

    if(((TWSR & 0xF8) == 0x18) ||
     2fc:	88 7f       	andi	r24, 0xF8	; 248
     2fe:	80 34       	cpi	r24, 0x40	; 64
     300:	21 f4       	brne	.+8      	; 0x30a <I2C_Start+0x3c>
       ((TWSR & 0xF8) == 0x40))
    {
        return TRUE;
     302:	81 e0       	ldi	r24, 0x01	; 1
     304:	08 95       	ret
     306:	81 e0       	ldi	r24, 0x01	; 1
     308:	08 95       	ret
    }

    return FALSE;
     30a:	80 e0       	ldi	r24, 0x00	; 0
}
     30c:	08 95       	ret

0000030e <I2C_Write>:

u8 I2C_Write(u8 data)
{
    TWDR = data;
     30e:	80 93 bb 00 	sts	0x00BB, r24	; 0x8000bb <__TEXT_REGION_LENGTH__+0x7f80bb>

    TWCR = (1 << TWINT) |
     312:	84 e8       	ldi	r24, 0x84	; 132
     314:	80 93 bc 00 	sts	0x00BC, r24	; 0x8000bc <__TEXT_REGION_LENGTH__+0x7f80bc>
           (1 << TWEN);

    while(!(TWCR & (1 << TWINT)));
     318:	80 91 bc 00 	lds	r24, 0x00BC	; 0x8000bc <__TEXT_REGION_LENGTH__+0x7f80bc>
     31c:	88 23       	and	r24, r24
     31e:	e4 f7       	brge	.-8      	; 0x318 <I2C_Write+0xa>

    if((TWSR & 0xF8) == 0x28)
     320:	80 91 b9 00 	lds	r24, 0x00B9	; 0x8000b9 <__TEXT_REGION_LENGTH__+0x7f80b9>
     324:	88 7f       	andi	r24, 0xF8	; 248
     326:	88 32       	cpi	r24, 0x28	; 40
     328:	11 f4       	brne	.+4      	; 0x32e <I2C_Write+0x20>
    {
        return TRUE;
     32a:	81 e0       	ldi	r24, 0x01	; 1
     32c:	08 95       	ret
    }

    return FALSE;
     32e:	80 e0       	ldi	r24, 0x00	; 0
}
     330:	08 95       	ret

00000332 <I2C_ReadACK>:

u8 I2C_ReadACK(void)
{
    TWCR = (1 << TWINT) |
     332:	84 ec       	ldi	r24, 0xC4	; 196
     334:	80 93 bc 00 	sts	0x00BC, r24	; 0x8000bc <__TEXT_REGION_LENGTH__+0x7f80bc>
           (1 << TWEN) |
           (1 << TWEA);

    while(!(TWCR & (1 << TWINT)));
     338:	80 91 bc 00 	lds	r24, 0x00BC	; 0x8000bc <__TEXT_REGION_LENGTH__+0x7f80bc>
     33c:	88 23       	and	r24, r24
     33e:	e4 f7       	brge	.-8      	; 0x338 <I2C_ReadACK+0x6>

    return TWDR;
     340:	80 91 bb 00 	lds	r24, 0x00BB	; 0x8000bb <__TEXT_REGION_LENGTH__+0x7f80bb>
}
     344:	08 95       	ret

00000346 <I2C_ReadNACK>:

u8 I2C_ReadNACK(void)
{
    TWCR = (1 << TWINT) |
     346:	84 e8       	ldi	r24, 0x84	; 132
     348:	80 93 bc 00 	sts	0x00BC, r24	; 0x8000bc <__TEXT_REGION_LENGTH__+0x7f80bc>
           (1 << TWEN);

    while(!(TWCR & (1 << TWINT)));
     34c:	80 91 bc 00 	lds	r24, 0x00BC	; 0x8000bc <__TEXT_REGION_LENGTH__+0x7f80bc>
     350:	88 23       	and	r24, r24
     352:	e4 f7       	brge	.-8      	; 0x34c <I2C_ReadNACK+0x6>

    return TWDR;
     354:	80 91 bb 00 	lds	r24, 0x00BB	; 0x8000bb <__TEXT_REGION_LENGTH__+0x7f80bb>
}
     358:	08 95       	ret

0000035a <I2C_Stop>:

void I2C_Stop(void)
{
    TWCR = (1 << TWINT) |
     35a:	84 e9       	ldi	r24, 0x94	; 148
     35c:	80 93 bc 00 	sts	0x00BC, r24	; 0x8000bc <__TEXT_REGION_LENGTH__+0x7f80bc>
     360:	08 95       	ret

00000362 <NumberToString>:
--------------------------------------------------*/

static void NumberToString(
    u16 number,
    char *string)
{
     362:	0f 93       	push	r16
     364:	1f 93       	push	r17
     366:	cf 93       	push	r28
     368:	df 93       	push	r29
     36a:	00 d0       	rcall	.+0      	; 0x36c <NumberToString+0xa>
     36c:	00 d0       	rcall	.+0      	; 0x36e <NumberToString+0xc>
     36e:	00 d0       	rcall	.+0      	; 0x370 <NumberToString+0xe>
     370:	cd b7       	in	r28, 0x3d	; 61
     372:	de b7       	in	r29, 0x3e	; 62
     374:	fc 01       	movw	r30, r24
     376:	8b 01       	movw	r16, r22

    u8 i = 0;

    u8 j = 0;

    if(number == 0)
     378:	89 2b       	or	r24, r25
     37a:	a9 f5       	brne	.+106    	; 0x3e6 <NumberToString+0x84>
    {
        string[0] = '0';
     37c:	80 e3       	ldi	r24, 0x30	; 48
     37e:	fb 01       	movw	r30, r22
     380:	80 83       	st	Z, r24

        string[1] = '\0';
     382:	11 82       	std	Z+1, r1	; 0x01
     384:	48 c0       	rjmp	.+144    	; 0x416 <__EEPROM_REGION_LENGTH__+0x16>
    }

    while(number > 0)
    {
        temp[i++] =
            '0' + (number % 10);
     386:	9f 01       	movw	r18, r30
     388:	ad ec       	ldi	r26, 0xCD	; 205
     38a:	bc ec       	ldi	r27, 0xCC	; 204
     38c:	0e 94 eb 0d 	call	0x1bd6	; 0x1bd6 <__umulhisi3>
     390:	96 95       	lsr	r25
     392:	87 95       	ror	r24
     394:	96 95       	lsr	r25
     396:	87 95       	ror	r24
     398:	96 95       	lsr	r25
     39a:	87 95       	ror	r24
     39c:	9c 01       	movw	r18, r24
     39e:	22 0f       	add	r18, r18
     3a0:	33 1f       	adc	r19, r19
     3a2:	88 0f       	add	r24, r24
     3a4:	99 1f       	adc	r25, r25
     3a6:	88 0f       	add	r24, r24
     3a8:	99 1f       	adc	r25, r25
     3aa:	88 0f       	add	r24, r24
     3ac:	99 1f       	adc	r25, r25
     3ae:	82 0f       	add	r24, r18
     3b0:	93 1f       	adc	r25, r19
     3b2:	9f 01       	movw	r18, r30
     3b4:	28 1b       	sub	r18, r24
     3b6:	39 0b       	sbc	r19, r25
     3b8:	c9 01       	movw	r24, r18
        return;
    }

    while(number > 0)
    {
        temp[i++] =
     3ba:	a1 e0       	ldi	r26, 0x01	; 1
     3bc:	b0 e0       	ldi	r27, 0x00	; 0
     3be:	ac 0f       	add	r26, r28
     3c0:	bd 1f       	adc	r27, r29
     3c2:	a4 0f       	add	r26, r20
     3c4:	b1 1d       	adc	r27, r1
     3c6:	80 5d       	subi	r24, 0xD0	; 208
     3c8:	8c 93       	st	X, r24
            '0' + (number % 10);

        number /= 10;
     3ca:	9f 01       	movw	r18, r30
     3cc:	ad ec       	ldi	r26, 0xCD	; 205
     3ce:	bc ec       	ldi	r27, 0xCC	; 204
     3d0:	0e 94 eb 0d 	call	0x1bd6	; 0x1bd6 <__umulhisi3>
     3d4:	fc 01       	movw	r30, r24
     3d6:	f6 95       	lsr	r31
     3d8:	e7 95       	ror	r30
     3da:	f6 95       	lsr	r31
     3dc:	e7 95       	ror	r30
     3de:	f6 95       	lsr	r31
     3e0:	e7 95       	ror	r30
        return;
    }

    while(number > 0)
    {
        temp[i++] =
     3e2:	4f 5f       	subi	r20, 0xFF	; 255
     3e4:	01 c0       	rjmp	.+2      	; 0x3e8 <NumberToString+0x86>
     3e6:	40 e0       	ldi	r20, 0x00	; 0
        string[1] = '\0';

        return;
    }

    while(number > 0)
     3e8:	30 97       	sbiw	r30, 0x00	; 0
     3ea:	69 f6       	brne	.-102    	; 0x386 <NumberToString+0x24>
     3ec:	80 e0       	ldi	r24, 0x00	; 0
     3ee:	0d c0       	rjmp	.+26     	; 0x40a <__EEPROM_REGION_LENGTH__+0xa>
        number /= 10;
    }

    while(i > 0)
    {
        string[j++] =
     3f0:	d8 01       	movw	r26, r16
     3f2:	a8 0f       	add	r26, r24
     3f4:	b1 1d       	adc	r27, r1
     3f6:	41 50       	subi	r20, 0x01	; 1
            temp[--i];
     3f8:	e1 e0       	ldi	r30, 0x01	; 1
     3fa:	f0 e0       	ldi	r31, 0x00	; 0
     3fc:	ec 0f       	add	r30, r28
     3fe:	fd 1f       	adc	r31, r29
     400:	e4 0f       	add	r30, r20
     402:	f1 1d       	adc	r31, r1
     404:	90 81       	ld	r25, Z
        number /= 10;
    }

    while(i > 0)
    {
        string[j++] =
     406:	9c 93       	st	X, r25
     408:	8f 5f       	subi	r24, 0xFF	; 255
            '0' + (number % 10);

        number /= 10;
    }

    while(i > 0)
     40a:	41 11       	cpse	r20, r1
     40c:	f1 cf       	rjmp	.-30     	; 0x3f0 <NumberToString+0x8e>
    {
        string[j++] =
            temp[--i];
    }

    string[j] = '\0';
     40e:	f8 01       	movw	r30, r16
     410:	e8 0f       	add	r30, r24
     412:	f1 1d       	adc	r31, r1
     414:	10 82       	st	Z, r1
}
     416:	26 96       	adiw	r28, 0x06	; 6
     418:	0f b6       	in	r0, 0x3f	; 63
     41a:	f8 94       	cli
     41c:	de bf       	out	0x3e, r29	; 62
     41e:	0f be       	out	0x3f, r0	; 63
     420:	cd bf       	out	0x3d, r28	; 61
     422:	df 91       	pop	r29
     424:	cf 91       	pop	r28
     426:	1f 91       	pop	r17
     428:	0f 91       	pop	r16
     42a:	08 95       	ret

0000042c <GetCardAddress>:
--------------------------------------------------*/

static u16 GetCardAddress(
    u8 slot)
{
    return CARD_BASE +
     42c:	90 e0       	ldi	r25, 0x00	; 0
     42e:	04 96       	adiw	r24, 0x04	; 4
           ((u16)slot * CARD_SIZE);
}
     430:	00 24       	eor	r0, r0
     432:	96 95       	lsr	r25
     434:	87 95       	ror	r24
     436:	07 94       	ror	r0
     438:	96 95       	lsr	r25
     43a:	87 95       	ror	r24
     43c:	07 94       	ror	r0
     43e:	98 2f       	mov	r25, r24
     440:	80 2d       	mov	r24, r0
     442:	08 95       	ret

00000444 <UIDToString>:
--------------------------------------------------*/

static void UIDToString(
    u8 *uid,
    char *string)
{
     444:	fc 01       	movw	r30, r24
        string,
        "%02X%02X%02X%02X",
        uid[0],
        uid[1],
        uid[2],
        uid[3]
     446:	33 81       	ldd	r19, Z+3	; 0x03
    sprintf(
        string,
        "%02X%02X%02X%02X",
        uid[0],
        uid[1],
        uid[2],
     448:	22 81       	ldd	r18, Z+2	; 0x02
{
    sprintf(
        string,
        "%02X%02X%02X%02X",
        uid[0],
        uid[1],
     44a:	91 81       	ldd	r25, Z+1	; 0x01
    char *string)
{
    sprintf(
        string,
        "%02X%02X%02X%02X",
        uid[0],
     44c:	80 81       	ld	r24, Z

static void UIDToString(
    u8 *uid,
    char *string)
{
    sprintf(
     44e:	1f 92       	push	r1
     450:	3f 93       	push	r19
     452:	1f 92       	push	r1
     454:	2f 93       	push	r18
     456:	1f 92       	push	r1
     458:	9f 93       	push	r25
     45a:	1f 92       	push	r1
     45c:	8f 93       	push	r24
     45e:	80 e0       	ldi	r24, 0x00	; 0
     460:	91 e0       	ldi	r25, 0x01	; 1
     462:	9f 93       	push	r25
     464:	8f 93       	push	r24
     466:	7f 93       	push	r23
     468:	6f 93       	push	r22
     46a:	0e 94 08 0e 	call	0x1c10	; 0x1c10 <sprintf>
        uid[0],
        uid[1],
        uid[2],
        uid[3]
    );
}
     46e:	8d b7       	in	r24, 0x3d	; 61
     470:	9e b7       	in	r25, 0x3e	; 62
     472:	0c 96       	adiw	r24, 0x0c	; 12
     474:	0f b6       	in	r0, 0x3f	; 63
     476:	f8 94       	cli
     478:	9e bf       	out	0x3e, r25	; 62
     47a:	0f be       	out	0x3f, r0	; 63
     47c:	8d bf       	out	0x3d, r24	; 61
     47e:	08 95       	ret

00000480 <SendEvent>:
--------------------------------------------------*/

static void SendEvent(
    const char *type,
    const char *data)
{
     480:	af 92       	push	r10
     482:	bf 92       	push	r11
     484:	cf 92       	push	r12
     486:	df 92       	push	r13
     488:	ef 92       	push	r14
     48a:	ff 92       	push	r15
     48c:	0f 93       	push	r16
     48e:	1f 93       	push	r17
     490:	cf 93       	push	r28
     492:	df 93       	push	r29
     494:	cd b7       	in	r28, 0x3d	; 61
     496:	de b7       	in	r29, 0x3e	; 62
     498:	c7 58       	subi	r28, 0x87	; 135
     49a:	d1 09       	sbc	r29, r1
     49c:	0f b6       	in	r0, 0x3f	; 63
     49e:	f8 94       	cli
     4a0:	de bf       	out	0x3e, r29	; 62
     4a2:	0f be       	out	0x3f, r0	; 63
     4a4:	cd bf       	out	0x3d, r28	; 61
     4a6:	f8 2e       	mov	r15, r24
     4a8:	e9 2e       	mov	r14, r25
     4aa:	d6 2e       	mov	r13, r22
     4ac:	c7 2e       	mov	r12, r23
    u8 i;

    char checksumString[5];


    if(!RTC_GetTime(&time))
     4ae:	ce 01       	movw	r24, r28
     4b0:	01 96       	adiw	r24, 0x01	; 1
     4b2:	0e 94 1c 0d 	call	0x1a38	; 0x1a38 <RTC_GetTime>
     4b6:	88 23       	and	r24, r24
     4b8:	09 f4       	brne	.+2      	; 0x4bc <SendEvent+0x3c>
     4ba:	69 c0       	rjmp	.+210    	; 0x58e <SendEvent+0x10e>
    {
        return;
    }


    NumberToString(
     4bc:	80 91 56 02 	lds	r24, 0x0256	; 0x800256 <__data_end>
     4c0:	90 91 57 02 	lds	r25, 0x0257	; 0x800257 <__data_end+0x1>
     4c4:	9c 01       	movw	r18, r24
     4c6:	2f 5f       	subi	r18, 0xFF	; 255
     4c8:	3f 4f       	sbci	r19, 0xFF	; 255
     4ca:	30 93 57 02 	sts	0x0257, r19	; 0x800257 <__data_end+0x1>
     4ce:	20 93 56 02 	sts	0x0256, r18	; 0x800256 <__data_end>
     4d2:	5e 01       	movw	r10, r28
     4d4:	27 e0       	ldi	r18, 0x07	; 7
     4d6:	a2 0e       	add	r10, r18
     4d8:	b1 1c       	adc	r11, r1
     4da:	b5 01       	movw	r22, r10
     4dc:	0e 94 b1 01 	call	0x362	; 0x362 <NumberToString>
    sprintf(
        timeString,
        "%02u:%02u:%02u",
        time.hour,
        time.min,
        time.sec
     4e0:	29 81       	ldd	r18, Y+1	; 0x01

    sprintf(
        timeString,
        "%02u:%02u:%02u",
        time.hour,
        time.min,
     4e2:	9a 81       	ldd	r25, Y+2	; 0x02


    sprintf(
        timeString,
        "%02u:%02u:%02u",
        time.hour,
     4e4:	8b 81       	ldd	r24, Y+3	; 0x03
        eventNumber++,
        number
    );


    sprintf(
     4e6:	1f 92       	push	r1
     4e8:	2f 93       	push	r18
     4ea:	1f 92       	push	r1
     4ec:	9f 93       	push	r25
     4ee:	1f 92       	push	r1
     4f0:	8f 93       	push	r24
     4f2:	81 e1       	ldi	r24, 0x11	; 17
     4f4:	91 e0       	ldi	r25, 0x01	; 1
     4f6:	9f 93       	push	r25
     4f8:	8f 93       	push	r24
     4fa:	8e 01       	movw	r16, r28
     4fc:	01 5f       	subi	r16, 0xF1	; 241
     4fe:	1f 4f       	sbci	r17, 0xFF	; 255
     500:	1f 93       	push	r17
     502:	0f 93       	push	r16
     504:	0e 94 08 0e 	call	0x1c10	; 0x1c10 <sprintf>
        time.min,
        time.sec
    );


    sprintf(
     508:	cf 92       	push	r12
     50a:	df 92       	push	r13
     50c:	ef 92       	push	r14
     50e:	ff 92       	push	r15
     510:	1f 93       	push	r17
     512:	0f 93       	push	r16
     514:	bf 92       	push	r11
     516:	af 92       	push	r10
     518:	80 e2       	ldi	r24, 0x20	; 32
     51a:	91 e0       	ldi	r25, 0x01	; 1
     51c:	9f 93       	push	r25
     51e:	8f 93       	push	r24
     520:	ce 01       	movw	r24, r28
     522:	4f 96       	adiw	r24, 0x1f	; 31
     524:	9f 93       	push	r25
     526:	8f 93       	push	r24
     528:	0e 94 08 0e 	call	0x1c10	; 0x1c10 <sprintf>
        type,
        data
    );


    for(i = 0;
     52c:	0f b6       	in	r0, 0x3f	; 63
     52e:	f8 94       	cli
     530:	de bf       	out	0x3e, r29	; 62
     532:	0f be       	out	0x3f, r0	; 63
     534:	cd bf       	out	0x3d, r28	; 61
     536:	80 e0       	ldi	r24, 0x00	; 0

    char timeString[16];

    char line[100];

    u8 checksum = 0;
     538:	20 e0       	ldi	r18, 0x00	; 0
        type,
        data
    );


    for(i = 0;
     53a:	02 c0       	rjmp	.+4      	; 0x540 <SendEvent+0xc0>
        line[i] != '\0';
        i++)
    {
        checksum ^=
     53c:	29 27       	eor	r18, r25
    );


    for(i = 0;
        line[i] != '\0';
        i++)
     53e:	8f 5f       	subi	r24, 0xFF	; 255
        data
    );


    for(i = 0;
        line[i] != '\0';
     540:	ef e1       	ldi	r30, 0x1F	; 31
     542:	f0 e0       	ldi	r31, 0x00	; 0
     544:	ec 0f       	add	r30, r28
     546:	fd 1f       	adc	r31, r29
     548:	e8 0f       	add	r30, r24
     54a:	f1 1d       	adc	r31, r1
     54c:	90 81       	ld	r25, Z
        type,
        data
    );


    for(i = 0;
     54e:	91 11       	cpse	r25, r1
     550:	f5 cf       	rjmp	.-22     	; 0x53c <SendEvent+0xbc>
        checksum ^=
            (u8)line[i];
    }


    sprintf(
     552:	1f 92       	push	r1
     554:	2f 93       	push	r18
     556:	8c e0       	ldi	r24, 0x0C	; 12
     558:	91 e0       	ldi	r25, 0x01	; 1
     55a:	9f 93       	push	r25
     55c:	8f 93       	push	r24
     55e:	8e 01       	movw	r16, r28
     560:	0d 57       	subi	r16, 0x7D	; 125
     562:	1f 4f       	sbci	r17, 0xFF	; 255
     564:	1f 93       	push	r17
     566:	0f 93       	push	r16
     568:	0e 94 08 0e 	call	0x1c10	; 0x1c10 <sprintf>
        "%02X",
        checksum
    );


    UART_SendString(line);
     56c:	ce 01       	movw	r24, r28
     56e:	4f 96       	adiw	r24, 0x1f	; 31
     570:	0e 94 ae 0d 	call	0x1b5c	; 0x1b5c <UART_SendString>

    UART_SendString(
     574:	c8 01       	movw	r24, r16
     576:	0e 94 ae 0d 	call	0x1b5c	; 0x1b5c <UART_SendString>
        checksumString
    );

    UART_SendString(
     57a:	86 ef       	ldi	r24, 0xF6	; 246
     57c:	91 e0       	ldi	r25, 0x01	; 1
     57e:	0e 94 ae 0d 	call	0x1b5c	; 0x1b5c <UART_SendString>
     582:	0f 90       	pop	r0
     584:	0f 90       	pop	r0
     586:	0f 90       	pop	r0
     588:	0f 90       	pop	r0
     58a:	0f 90       	pop	r0
     58c:	0f 90       	pop	r0
        "\r\n"
    );
}
     58e:	c9 57       	subi	r28, 0x79	; 121
     590:	df 4f       	sbci	r29, 0xFF	; 255
     592:	0f b6       	in	r0, 0x3f	; 63
     594:	f8 94       	cli
     596:	de bf       	out	0x3e, r29	; 62
     598:	0f be       	out	0x3f, r0	; 63
     59a:	cd bf       	out	0x3d, r28	; 61
     59c:	df 91       	pop	r29
     59e:	cf 91       	pop	r28
     5a0:	1f 91       	pop	r17
     5a2:	0f 91       	pop	r16
     5a4:	ff 90       	pop	r15
     5a6:	ef 90       	pop	r14
     5a8:	df 90       	pop	r13
     5aa:	cf 90       	pop	r12
     5ac:	bf 90       	pop	r11
     5ae:	af 90       	pop	r10
     5b0:	08 95       	ret

000005b2 <DisplayBalance>:
                 Display Balance
--------------------------------------------------*/

static void DisplayBalance(
    u16 balance)
{
     5b2:	0f 93       	push	r16
     5b4:	1f 93       	push	r17
     5b6:	cf 93       	push	r28
     5b8:	df 93       	push	r29
     5ba:	cd b7       	in	r28, 0x3d	; 61
     5bc:	de b7       	in	r29, 0x3e	; 62
     5be:	28 97       	sbiw	r28, 0x08	; 8
     5c0:	0f b6       	in	r0, 0x3f	; 63
     5c2:	f8 94       	cli
     5c4:	de bf       	out	0x3e, r29	; 62
     5c6:	0f be       	out	0x3f, r0	; 63
     5c8:	cd bf       	out	0x3d, r28	; 61
     5ca:	8c 01       	movw	r16, r24
    char text[8];

    OLED_Clear();
     5cc:	0e 94 f0 0a 	call	0x15e0	; 0x15e0 <OLED_Clear>

    OLED_WriteString(
     5d0:	82 e3       	ldi	r24, 0x32	; 50
     5d2:	91 e0       	ldi	r25, 0x01	; 1
     5d4:	0e 94 e3 0a 	call	0x15c6	; 0x15c6 <OLED_WriteString>
        "Balance: "
    );

    NumberToString(
     5d8:	be 01       	movw	r22, r28
     5da:	6f 5f       	subi	r22, 0xFF	; 255
     5dc:	7f 4f       	sbci	r23, 0xFF	; 255
     5de:	c8 01       	movw	r24, r16
     5e0:	0e 94 b1 01 	call	0x362	; 0x362 <NumberToString>
        balance,
        text
    );

    OLED_WriteString(text);
     5e4:	ce 01       	movw	r24, r28
     5e6:	01 96       	adiw	r24, 0x01	; 1
     5e8:	0e 94 e3 0a 	call	0x15c6	; 0x15c6 <OLED_WriteString>


    if(balance < LOW_BALANCE)
     5ec:	05 30       	cpi	r16, 0x05	; 5
     5ee:	11 05       	cpc	r17, r1
     5f0:	50 f4       	brcc	.+20     	; 0x606 <DisplayBalance+0x54>
    {
        OLED_SetCursor(1, 0);
     5f2:	60 e0       	ldi	r22, 0x00	; 0
     5f4:	81 e0       	ldi	r24, 0x01	; 1
     5f6:	0e 94 a7 0a 	call	0x154e	; 0x154e <OLED_SetCursor>

        OLED_WriteString(
     5fa:	8c e3       	ldi	r24, 0x3C	; 60
     5fc:	91 e0       	ldi	r25, 0x01	; 1
     5fe:	0e 94 e3 0a 	call	0x15c6	; 0x15c6 <OLED_WriteString>
            "Low balance"
        );

        Feedback_Warning();
     602:	0e 94 25 01 	call	0x24a	; 0x24a <Feedback_Warning>
    }
}
     606:	28 96       	adiw	r28, 0x08	; 8
     608:	0f b6       	in	r0, 0x3f	; 63
     60a:	f8 94       	cli
     60c:	de bf       	out	0x3e, r29	; 62
     60e:	0f be       	out	0x3f, r0	; 63
     610:	cd bf       	out	0x3d, r28	; 61
     612:	df 91       	pop	r29
     614:	cf 91       	pop	r28
     616:	1f 91       	pop	r17
     618:	0f 91       	pop	r16
     61a:	08 95       	ret

0000061c <FindCard>:
                    Find Card
--------------------------------------------------*/

static u8 FindCard(
    u8 *uid)
{
     61c:	cf 92       	push	r12
     61e:	df 92       	push	r13
     620:	ff 92       	push	r15
     622:	0f 93       	push	r16
     624:	1f 93       	push	r17
     626:	cf 93       	push	r28
     628:	df 93       	push	r29
     62a:	6c 01       	movw	r12, r24

    u8 i;

    u8 same;

    for(slot = 0;
     62c:	00 e0       	ldi	r16, 0x00	; 0
     62e:	18 c0       	rjmp	.+48     	; 0x660 <FindCard+0x44>
        for(i = 0;
            i < 4;
            i++)
        {
            if(EEPROM_ReadByte(
                GetCardAddress(slot) + i)
     630:	80 2f       	mov	r24, r16
     632:	0e 94 16 02 	call	0x42c	; 0x42c <GetCardAddress>

        for(i = 0;
            i < 4;
            i++)
        {
            if(EEPROM_ReadByte(
     636:	c1 2f       	mov	r28, r17
     638:	d0 e0       	ldi	r29, 0x00	; 0
     63a:	8c 0f       	add	r24, r28
     63c:	9d 1f       	adc	r25, r29
     63e:	0e 94 87 00 	call	0x10e	; 0x10e <EEPROM_ReadByte>
                GetCardAddress(slot) + i)
                != uid[i])
     642:	cc 0d       	add	r28, r12
     644:	dd 1d       	adc	r29, r13
     646:	98 81       	ld	r25, Y

        for(i = 0;
            i < 4;
            i++)
        {
            if(EEPROM_ReadByte(
     648:	89 13       	cpse	r24, r25
                GetCardAddress(slot) + i)
                != uid[i])
            {
                same = FALSE;
     64a:	f1 2c       	mov	r15, r1
    {
        same = TRUE;

        for(i = 0;
            i < 4;
            i++)
     64c:	1f 5f       	subi	r17, 0xFF	; 255
     64e:	03 c0       	rjmp	.+6      	; 0x656 <FindCard+0x3a>
     650:	ff 24       	eor	r15, r15
     652:	f3 94       	inc	r15
     654:	10 e0       	ldi	r17, 0x00	; 0
        slot < MAX_CARDS;
        slot++)
    {
        same = TRUE;

        for(i = 0;
     656:	14 30       	cpi	r17, 0x04	; 4
     658:	58 f3       	brcs	.-42     	; 0x630 <FindCard+0x14>
            {
                same = FALSE;
            }
        }

        if(same)
     65a:	f1 10       	cpse	r15, r1
     65c:	05 c0       	rjmp	.+10     	; 0x668 <FindCard+0x4c>

    u8 same;

    for(slot = 0;
        slot < MAX_CARDS;
        slot++)
     65e:	0f 5f       	subi	r16, 0xFF	; 255

    u8 i;

    u8 same;

    for(slot = 0;
     660:	00 31       	cpi	r16, 0x10	; 16
     662:	b0 f3       	brcs	.-20     	; 0x650 <FindCard+0x34>
        {
            return slot;
        }
    }

    return 0xFF;
     664:	8f ef       	ldi	r24, 0xFF	; 255
     666:	01 c0       	rjmp	.+2      	; 0x66a <FindCard+0x4e>
            }
        }

        if(same)
        {
            return slot;
     668:	80 2f       	mov	r24, r16
        }
    }

    return 0xFF;
}
     66a:	df 91       	pop	r29
     66c:	cf 91       	pop	r28
     66e:	1f 91       	pop	r17
     670:	0f 91       	pop	r16
     672:	ff 90       	pop	r15
     674:	df 90       	pop	r13
     676:	cf 90       	pop	r12
     678:	08 95       	ret

0000067a <GetBalance>:
                  Get Balance
--------------------------------------------------*/

static u16 GetBalance(
    u8 slot)
{
     67a:	0f 93       	push	r16
     67c:	1f 93       	push	r17
     67e:	cf 93       	push	r28
     680:	df 93       	push	r29
    u16 address;

    u16 balance;

    address =
        GetCardAddress(slot) + 6;
     682:	0e 94 16 02 	call	0x42c	; 0x42c <GetCardAddress>
     686:	8c 01       	movw	r16, r24

    balance =
        EEPROM_ReadByte(address);
     688:	06 96       	adiw	r24, 0x06	; 6
     68a:	0e 94 87 00 	call	0x10e	; 0x10e <EEPROM_ReadByte>
    u16 balance;

    address =
        GetCardAddress(slot) + 6;

    balance =
     68e:	c8 2f       	mov	r28, r24
     690:	d0 e0       	ldi	r29, 0x00	; 0
        EEPROM_ReadByte(address);

    balance |=
        ((u16)EEPROM_ReadByte(
     692:	c8 01       	movw	r24, r16
     694:	07 96       	adiw	r24, 0x07	; 7
     696:	0e 94 87 00 	call	0x10e	; 0x10e <EEPROM_ReadByte>
            address + 1) << 8);
     69a:	90 e0       	ldi	r25, 0x00	; 0
     69c:	98 2f       	mov	r25, r24
     69e:	88 27       	eor	r24, r24

    return balance;
}
     6a0:	8c 2b       	or	r24, r28
     6a2:	9d 2b       	or	r25, r29
     6a4:	df 91       	pop	r29
     6a6:	cf 91       	pop	r28
     6a8:	1f 91       	pop	r17
     6aa:	0f 91       	pop	r16
     6ac:	08 95       	ret

000006ae <ProcessBalance>:
                   BALANCE
--------------------------------------------------*/

static void ProcessBalance(
    char *uidString)
{
     6ae:	df 92       	push	r13
     6b0:	ef 92       	push	r14
     6b2:	ff 92       	push	r15
     6b4:	0f 93       	push	r16
     6b6:	1f 93       	push	r17
     6b8:	cf 93       	push	r28
     6ba:	df 93       	push	r29
     6bc:	cd b7       	in	r28, 0x3d	; 61
     6be:	de b7       	in	r29, 0x3e	; 62
     6c0:	2e 97       	sbiw	r28, 0x0e	; 14
     6c2:	0f b6       	in	r0, 0x3f	; 63
     6c4:	f8 94       	cli
     6c6:	de bf       	out	0x3e, r29	; 62
     6c8:	0f be       	out	0x3f, r0	; 63
     6ca:	cd bf       	out	0x3d, r28	; 61
     6cc:	7c 01       	movw	r14, r24
    u16 balance;

    char text[8];


    for(i = 0;
     6ce:	d1 2c       	mov	r13, r1
     6d0:	23 c0       	rjmp	.+70     	; 0x718 <ProcessBalance+0x6a>
        i++)
    {
        unsigned int value;

        sscanf(
            uidString + i * 2,
     6d2:	0d 2d       	mov	r16, r13
     6d4:	10 e0       	ldi	r17, 0x00	; 0
     6d6:	c8 01       	movw	r24, r16
     6d8:	88 0f       	add	r24, r24
     6da:	99 1f       	adc	r25, r25
        i < 4;
        i++)
    {
        unsigned int value;

        sscanf(
     6dc:	9e 01       	movw	r18, r28
     6de:	23 5f       	subi	r18, 0xF3	; 243
     6e0:	3f 4f       	sbci	r19, 0xFF	; 255
     6e2:	3f 93       	push	r19
     6e4:	2f 93       	push	r18
     6e6:	28 e4       	ldi	r18, 0x48	; 72
     6e8:	31 e0       	ldi	r19, 0x01	; 1
     6ea:	3f 93       	push	r19
     6ec:	2f 93       	push	r18
     6ee:	8e 0d       	add	r24, r14
     6f0:	9f 1d       	adc	r25, r15
     6f2:	9f 93       	push	r25
     6f4:	8f 93       	push	r24
     6f6:	0e 94 2a 0e 	call	0x1c54	; 0x1c54 <sscanf>
            "%2X",
            &value
        );

        uid[i] =
            (u8)value;
     6fa:	8d 85       	ldd	r24, Y+13	; 0x0d
            uidString + i * 2,
            "%2X",
            &value
        );

        uid[i] =
     6fc:	e1 e0       	ldi	r30, 0x01	; 1
     6fe:	f0 e0       	ldi	r31, 0x00	; 0
     700:	ec 0f       	add	r30, r28
     702:	fd 1f       	adc	r31, r29
     704:	e0 0f       	add	r30, r16
     706:	f1 1f       	adc	r31, r17
     708:	80 83       	st	Z, r24
    char text[8];


    for(i = 0;
        i < 4;
        i++)
     70a:	d3 94       	inc	r13
     70c:	0f 90       	pop	r0
     70e:	0f 90       	pop	r0
     710:	0f 90       	pop	r0
     712:	0f 90       	pop	r0
     714:	0f 90       	pop	r0
     716:	0f 90       	pop	r0
    u16 balance;

    char text[8];


    for(i = 0;
     718:	83 e0       	ldi	r24, 0x03	; 3
     71a:	8d 15       	cp	r24, r13
     71c:	d0 f6       	brcc	.-76     	; 0x6d2 <ProcessBalance+0x24>
        uid[i] =
            (u8)value;
    }


    slot =
     71e:	ce 01       	movw	r24, r28
     720:	01 96       	adiw	r24, 0x01	; 1
     722:	0e 94 0e 03 	call	0x61c	; 0x61c <FindCard>
        FindCard(uid);


    if(slot == 0xFF)
     726:	8f 3f       	cpi	r24, 0xFF	; 255
     728:	29 f4       	brne	.+10     	; 0x734 <ProcessBalance+0x86>
    {
        UART_SendString(
     72a:	8c e4       	ldi	r24, 0x4C	; 76
     72c:	91 e0       	ldi	r25, 0x01	; 1
     72e:	0e 94 ae 0d 	call	0x1b5c	; 0x1b5c <UART_SendString>
     732:	13 c0       	rjmp	.+38     	; 0x75a <ProcessBalance+0xac>

        return;
    }


    balance =
     734:	0e 94 3d 03 	call	0x67a	; 0x67a <GetBalance>
        GetBalance(slot);


    NumberToString(
     738:	be 01       	movw	r22, r28
     73a:	6b 5f       	subi	r22, 0xFB	; 251
     73c:	7f 4f       	sbci	r23, 0xFF	; 255
     73e:	0e 94 b1 01 	call	0x362	; 0x362 <NumberToString>
        balance,
        text
    );


    UART_SendString(
     742:	8b e5       	ldi	r24, 0x5B	; 91
     744:	91 e0       	ldi	r25, 0x01	; 1
     746:	0e 94 ae 0d 	call	0x1b5c	; 0x1b5c <UART_SendString>
        "BALANCE "
    );

    UART_SendString(
     74a:	ce 01       	movw	r24, r28
     74c:	05 96       	adiw	r24, 0x05	; 5
     74e:	0e 94 ae 0d 	call	0x1b5c	; 0x1b5c <UART_SendString>
        text
    );

    UART_SendString(
     752:	86 ef       	ldi	r24, 0xF6	; 246
     754:	91 e0       	ldi	r25, 0x01	; 1
     756:	0e 94 ae 0d 	call	0x1b5c	; 0x1b5c <UART_SendString>
        "\r\n"
    );
}
     75a:	2e 96       	adiw	r28, 0x0e	; 14
     75c:	0f b6       	in	r0, 0x3f	; 63
     75e:	f8 94       	cli
     760:	de bf       	out	0x3e, r29	; 62
     762:	0f be       	out	0x3f, r0	; 63
     764:	cd bf       	out	0x3d, r28	; 61
     766:	df 91       	pop	r29
     768:	cf 91       	pop	r28
     76a:	1f 91       	pop	r17
     76c:	0f 91       	pop	r16
     76e:	ff 90       	pop	r15
     770:	ef 90       	pop	r14
     772:	df 90       	pop	r13
     774:	08 95       	ret

00000776 <ProcessHistory>:
                 HISTORY
--------------------------------------------------*/

static void ProcessHistory(
    char *uidString)
{
     776:	cf 92       	push	r12
     778:	df 92       	push	r13
     77a:	ef 92       	push	r14
     77c:	ff 92       	push	r15
     77e:	0f 93       	push	r16
     780:	1f 93       	push	r17
     782:	cf 93       	push	r28
     784:	df 93       	push	r29
     786:	cd b7       	in	r28, 0x3d	; 61
     788:	de b7       	in	r29, 0x3e	; 62
     78a:	ef 97       	sbiw	r28, 0x3f	; 63
     78c:	0f b6       	in	r0, 0x3f	; 63
     78e:	f8 94       	cli
     790:	de bf       	out	0x3e, r29	; 62
     792:	0f be       	out	0x3f, r0	; 63
     794:	cd bf       	out	0x3d, r28	; 61
     796:	7c 01       	movw	r14, r24
    Transaction transaction;

    char line[50];


    for(i = 0;
     798:	d1 2c       	mov	r13, r1
     79a:	23 c0       	rjmp	.+70     	; 0x7e2 <ProcessHistory+0x6c>
        i++)
    {
        unsigned int value;

        sscanf(
            uidString + i * 2,
     79c:	0d 2d       	mov	r16, r13
     79e:	10 e0       	ldi	r17, 0x00	; 0
     7a0:	c8 01       	movw	r24, r16
     7a2:	88 0f       	add	r24, r24
     7a4:	99 1f       	adc	r25, r25
        i < 4;
        i++)
    {
        unsigned int value;

        sscanf(
     7a6:	9e 01       	movw	r18, r28
     7a8:	22 5c       	subi	r18, 0xC2	; 194
     7aa:	3f 4f       	sbci	r19, 0xFF	; 255
     7ac:	3f 93       	push	r19
     7ae:	2f 93       	push	r18
     7b0:	28 e4       	ldi	r18, 0x48	; 72
     7b2:	31 e0       	ldi	r19, 0x01	; 1
     7b4:	3f 93       	push	r19
     7b6:	2f 93       	push	r18
     7b8:	8e 0d       	add	r24, r14
     7ba:	9f 1d       	adc	r25, r15
     7bc:	9f 93       	push	r25
     7be:	8f 93       	push	r24
     7c0:	0e 94 2a 0e 	call	0x1c54	; 0x1c54 <sscanf>
            "%2X",
            &value
        );

        uid[i] =
            (u8)value;
     7c4:	8e ad       	ldd	r24, Y+62	; 0x3e
            uidString + i * 2,
            "%2X",
            &value
        );

        uid[i] =
     7c6:	e1 e0       	ldi	r30, 0x01	; 1
     7c8:	f0 e0       	ldi	r31, 0x00	; 0
     7ca:	ec 0f       	add	r30, r28
     7cc:	fd 1f       	adc	r31, r29
     7ce:	e0 0f       	add	r30, r16
     7d0:	f1 1f       	adc	r31, r17
     7d2:	80 83       	st	Z, r24
    char line[50];


    for(i = 0;
        i < 4;
        i++)
     7d4:	d3 94       	inc	r13
     7d6:	0f 90       	pop	r0
     7d8:	0f 90       	pop	r0
     7da:	0f 90       	pop	r0
     7dc:	0f 90       	pop	r0
     7de:	0f 90       	pop	r0
     7e0:	0f 90       	pop	r0
    Transaction transaction;

    char line[50];


    for(i = 0;
     7e2:	83 e0       	ldi	r24, 0x03	; 3
     7e4:	8d 15       	cp	r24, r13
     7e6:	d0 f6       	brcc	.-76     	; 0x79c <ProcessHistory+0x26>
        uid[i] =
            (u8)value;
    }


    slot =
     7e8:	ce 01       	movw	r24, r28
     7ea:	01 96       	adiw	r24, 0x01	; 1
     7ec:	0e 94 0e 03 	call	0x61c	; 0x61c <FindCard>
     7f0:	f8 2e       	mov	r15, r24
        FindCard(uid);


    if(slot == 0xFF)
     7f2:	9f ef       	ldi	r25, 0xFF	; 255
     7f4:	89 13       	cpse	r24, r25
     7f6:	05 c0       	rjmp	.+10     	; 0x802 <__DATA_REGION_LENGTH__+0x2>
    {
        UART_SendString(
     7f8:	8c e4       	ldi	r24, 0x4C	; 76
     7fa:	91 e0       	ldi	r25, 0x01	; 1
     7fc:	0e 94 ae 0d 	call	0x1b5c	; 0x1b5c <UART_SendString>
     800:	52 c0       	rjmp	.+164    	; 0x8a6 <__DATA_REGION_LENGTH__+0xa6>
    }


    index =
        EEPROM_ReadByte(
            GetCardAddress(slot) + 4
     802:	0e 94 16 02 	call	0x42c	; 0x42c <GetCardAddress>

        return;
    }


    index =
     806:	04 96       	adiw	r24, 0x04	; 4
     808:	0e 94 87 00 	call	0x10e	; 0x10e <EEPROM_ReadByte>
     80c:	18 2f       	mov	r17, r24

    /*
        Read newest ? oldest
    */

    for(count = 0;
     80e:	00 e0       	ldi	r16, 0x00	; 0
     810:	47 c0       	rjmp	.+142    	; 0x8a0 <__DATA_REGION_LENGTH__+0xa0>
        count < HISTORY_COUNT;
        count++)
    {
        if(index == 0)
     812:	11 23       	and	r17, r17
     814:	11 f0       	breq	.+4      	; 0x81a <__DATA_REGION_LENGTH__+0x1a>
            index =
                HISTORY_COUNT - 1;
        }
        else
        {
            index--;
     816:	11 50       	subi	r17, 0x01	; 1
     818:	01 c0       	rjmp	.+2      	; 0x81c <__DATA_REGION_LENGTH__+0x1c>
        count < HISTORY_COUNT;
        count++)
    {
        if(index == 0)
        {
            index =
     81a:	14 e0       	ldi	r17, 0x04	; 4
        EEPROM_ReadBlock(
            HISTORY_BASE +

            ((u16)slot *
             HISTORY_COUNT *
             HISTORY_RECORD_SIZE) +
     81c:	8f 2d       	mov	r24, r15
     81e:	90 e0       	ldi	r25, 0x00	; 0
     820:	9c 01       	movw	r18, r24
     822:	22 0f       	add	r18, r18
     824:	33 1f       	adc	r19, r19
     826:	22 0f       	add	r18, r18
     828:	33 1f       	adc	r19, r19
     82a:	82 0f       	add	r24, r18
     82c:	93 1f       	adc	r25, r19
     82e:	81 0f       	add	r24, r17
     830:	91 1d       	adc	r25, r1
        {
            index--;
        }


        EEPROM_ReadBlock(
     832:	80 5b       	subi	r24, 0xB0	; 176
     834:	9f 4f       	sbci	r25, 0xFF	; 255
     836:	47 e0       	ldi	r20, 0x07	; 7
     838:	50 e0       	ldi	r21, 0x00	; 0
     83a:	be 01       	movw	r22, r28
     83c:	6b 5f       	subi	r22, 0xFB	; 251
     83e:	7f 4f       	sbci	r23, 0xFF	; 255
     840:	82 95       	swap	r24
     842:	92 95       	swap	r25
     844:	90 7f       	andi	r25, 0xF0	; 240
     846:	98 27       	eor	r25, r24
     848:	80 7f       	andi	r24, 0xF0	; 240
     84a:	98 27       	eor	r25, r24
     84c:	0e 94 f4 00 	call	0x1e8	; 0x1e8 <EEPROM_ReadBlock>

            sizeof(Transaction)
        );


        if(transaction.type != 0)
     850:	8d 81       	ldd	r24, Y+5	; 0x05
     852:	88 23       	and	r24, r24
     854:	21 f1       	breq	.+72     	; 0x89e <__DATA_REGION_LENGTH__+0x9e>

                transaction.balance,

                transaction.hour,

                transaction.min
     856:	6b 85       	ldd	r22, Y+11	; 0x0b

                transaction.amount,

                transaction.balance,

                transaction.hour,
     858:	5a 85       	ldd	r21, Y+10	; 0x0a

                transaction.type,

                transaction.amount,

                transaction.balance,
     85a:	38 85       	ldd	r19, Y+8	; 0x08
     85c:	49 85       	ldd	r20, Y+9	; 0x09
                line,
                "%u,%u,%u,%02u:%02u\r\n",

                transaction.type,

                transaction.amount,
     85e:	9e 81       	ldd	r25, Y+6	; 0x06
     860:	2f 81       	ldd	r18, Y+7	; 0x07
        );


        if(transaction.type != 0)
        {
            sprintf(
     862:	1f 92       	push	r1
     864:	6f 93       	push	r22
     866:	1f 92       	push	r1
     868:	5f 93       	push	r21
     86a:	4f 93       	push	r20
     86c:	3f 93       	push	r19
     86e:	2f 93       	push	r18
     870:	9f 93       	push	r25
     872:	1f 92       	push	r1
     874:	8f 93       	push	r24
     876:	84 e6       	ldi	r24, 0x64	; 100
     878:	91 e0       	ldi	r25, 0x01	; 1
     87a:	9f 93       	push	r25
     87c:	8f 93       	push	r24
     87e:	6e 01       	movw	r12, r28
     880:	8c e0       	ldi	r24, 0x0C	; 12
     882:	c8 0e       	add	r12, r24
     884:	d1 1c       	adc	r13, r1
     886:	df 92       	push	r13
     888:	cf 92       	push	r12
     88a:	0e 94 08 0e 	call	0x1c10	; 0x1c10 <sprintf>
                transaction.hour,

                transaction.min
            );

            UART_SendString(
     88e:	c6 01       	movw	r24, r12
     890:	0e 94 ae 0d 	call	0x1b5c	; 0x1b5c <UART_SendString>
     894:	0f b6       	in	r0, 0x3f	; 63
     896:	f8 94       	cli
     898:	de bf       	out	0x3e, r29	; 62
     89a:	0f be       	out	0x3f, r0	; 63
     89c:	cd bf       	out	0x3d, r28	; 61
        Read newest ? oldest
    */

    for(count = 0;
        count < HISTORY_COUNT;
        count++)
     89e:	0f 5f       	subi	r16, 0xFF	; 255

    /*
        Read newest ? oldest
    */

    for(count = 0;
     8a0:	05 30       	cpi	r16, 0x05	; 5
     8a2:	08 f4       	brcc	.+2      	; 0x8a6 <__DATA_REGION_LENGTH__+0xa6>
     8a4:	b6 cf       	rjmp	.-148    	; 0x812 <__DATA_REGION_LENGTH__+0x12>
            UART_SendString(
                line
            );
        }
    }
}
     8a6:	ef 96       	adiw	r28, 0x3f	; 63
     8a8:	0f b6       	in	r0, 0x3f	; 63
     8aa:	f8 94       	cli
     8ac:	de bf       	out	0x3e, r29	; 62
     8ae:	0f be       	out	0x3f, r0	; 63
     8b0:	cd bf       	out	0x3d, r28	; 61
     8b2:	df 91       	pop	r29
     8b4:	cf 91       	pop	r28
     8b6:	1f 91       	pop	r17
     8b8:	0f 91       	pop	r16
     8ba:	ff 90       	pop	r15
     8bc:	ef 90       	pop	r14
     8be:	df 90       	pop	r13
     8c0:	cf 90       	pop	r12
     8c2:	08 95       	ret

000008c4 <ProcessSetTime>:
                   SETTIME
--------------------------------------------------*/

static void ProcessSetTime(
    char *text)
{
     8c4:	cf 93       	push	r28
     8c6:	df 93       	push	r29
     8c8:	cd b7       	in	r28, 0x3d	; 61
     8ca:	de b7       	in	r29, 0x3e	; 62
     8cc:	28 97       	sbiw	r28, 0x08	; 8
     8ce:	0f b6       	in	r0, 0x3f	; 63
     8d0:	f8 94       	cli
     8d2:	de bf       	out	0x3e, r29	; 62
     8d4:	0f be       	out	0x3f, r0	; 63
     8d6:	cd bf       	out	0x3d, r28	; 61

    /*
        YYYY-MM-DDTHH:MM:SS
    */

    if(sscanf(
     8d8:	9e 01       	movw	r18, r28
     8da:	2f 5f       	subi	r18, 0xFF	; 255
     8dc:	3f 4f       	sbci	r19, 0xFF	; 255
     8de:	3f 93       	push	r19
     8e0:	2f 93       	push	r18
     8e2:	2f 5f       	subi	r18, 0xFF	; 255
     8e4:	3f 4f       	sbci	r19, 0xFF	; 255
     8e6:	3f 93       	push	r19
     8e8:	2f 93       	push	r18
     8ea:	2f 5f       	subi	r18, 0xFF	; 255
     8ec:	3f 4f       	sbci	r19, 0xFF	; 255
     8ee:	3f 93       	push	r19
     8f0:	2f 93       	push	r18
     8f2:	2f 5f       	subi	r18, 0xFF	; 255
     8f4:	3f 4f       	sbci	r19, 0xFF	; 255
     8f6:	3f 93       	push	r19
     8f8:	2f 93       	push	r18
     8fa:	2f 5f       	subi	r18, 0xFF	; 255
     8fc:	3f 4f       	sbci	r19, 0xFF	; 255
     8fe:	3f 93       	push	r19
     900:	2f 93       	push	r18
     902:	2e 5f       	subi	r18, 0xFE	; 254
     904:	3f 4f       	sbci	r19, 0xFF	; 255
     906:	3f 93       	push	r19
     908:	2f 93       	push	r18
     90a:	29 e7       	ldi	r18, 0x79	; 121
     90c:	31 e0       	ldi	r19, 0x01	; 1
     90e:	3f 93       	push	r19
     910:	2f 93       	push	r18
     912:	9f 93       	push	r25
     914:	8f 93       	push	r24
     916:	0e 94 2a 0e 	call	0x1c54	; 0x1c54 <sscanf>
     91a:	0f b6       	in	r0, 0x3f	; 63
     91c:	f8 94       	cli
     91e:	de bf       	out	0x3e, r29	; 62
     920:	0f be       	out	0x3f, r0	; 63
     922:	cd bf       	out	0x3d, r28	; 61
     924:	06 97       	sbiw	r24, 0x06	; 6
     926:	39 f5       	brne	.+78     	; 0x976 <__stack+0x77>
        &time.min,
        &time.sec
    ) == 6)
    {
        time.year =
            year % 100;
     928:	4f 81       	ldd	r20, Y+7	; 0x07
     92a:	58 85       	ldd	r21, Y+8	; 0x08
     92c:	9a 01       	movw	r18, r20
     92e:	36 95       	lsr	r19
     930:	27 95       	ror	r18
     932:	36 95       	lsr	r19
     934:	27 95       	ror	r18
     936:	ab e7       	ldi	r26, 0x7B	; 123
     938:	b4 e1       	ldi	r27, 0x14	; 20
     93a:	0e 94 eb 0d 	call	0x1bd6	; 0x1bd6 <__umulhisi3>
     93e:	96 95       	lsr	r25
     940:	87 95       	ror	r24
     942:	64 e6       	ldi	r22, 0x64	; 100
     944:	68 9f       	mul	r22, r24
     946:	90 01       	movw	r18, r0
     948:	69 9f       	mul	r22, r25
     94a:	30 0d       	add	r19, r0
     94c:	11 24       	eor	r1, r1
     94e:	ca 01       	movw	r24, r20
     950:	82 1b       	sub	r24, r18
     952:	93 0b       	sbc	r25, r19
        &time.hour,
        &time.min,
        &time.sec
    ) == 6)
    {
        time.year =
     954:	8e 83       	std	Y+6, r24	; 0x06
            year % 100;


        if(RTC_SetTime(
     956:	ce 01       	movw	r24, r28
     958:	01 96       	adiw	r24, 0x01	; 1
     95a:	0e 94 ea 0c 	call	0x19d4	; 0x19d4 <RTC_SetTime>
     95e:	88 23       	and	r24, r24
     960:	29 f0       	breq	.+10     	; 0x96c <__stack+0x6d>
            &time))
        {
            UART_SendString(
     962:	85 e9       	ldi	r24, 0x95	; 149
     964:	91 e0       	ldi	r25, 0x01	; 1
     966:	0e 94 ae 0d 	call	0x1b5c	; 0x1b5c <UART_SendString>
     96a:	09 c0       	rjmp	.+18     	; 0x97e <__stack+0x7f>
                "OK\r\n"
            );
        }
        else
        {
            UART_SendString(
     96c:	8a e9       	ldi	r24, 0x9A	; 154
     96e:	91 e0       	ldi	r25, 0x01	; 1
     970:	0e 94 ae 0d 	call	0x1b5c	; 0x1b5c <UART_SendString>
     974:	04 c0       	rjmp	.+8      	; 0x97e <__stack+0x7f>
            );
        }
    }
    else
    {
        UART_SendString(
     976:	8a e9       	ldi	r24, 0x9A	; 154
     978:	91 e0       	ldi	r25, 0x01	; 1
     97a:	0e 94 ae 0d 	call	0x1b5c	; 0x1b5c <UART_SendString>
            "ERR\r\n"
        );
    }
}
     97e:	28 96       	adiw	r28, 0x08	; 8
     980:	0f b6       	in	r0, 0x3f	; 63
     982:	f8 94       	cli
     984:	de bf       	out	0x3e, r29	; 62
     986:	0f be       	out	0x3f, r0	; 63
     988:	cd bf       	out	0x3d, r28	; 61
     98a:	df 91       	pop	r29
     98c:	cf 91       	pop	r28
     98e:	08 95       	ret

00000990 <CreateCard>:
                  Create New Card
--------------------------------------------------*/

static u8 CreateCard(
    u8 *uid)
{
     990:	cf 92       	push	r12
     992:	df 92       	push	r13
     994:	ef 92       	push	r14
     996:	ff 92       	push	r15
     998:	0f 93       	push	r16
     99a:	1f 93       	push	r17
     99c:	cf 93       	push	r28
     99e:	df 93       	push	r29
     9a0:	6c 01       	movw	r12, r24
    u8 slot;

    u8 i;

    for(slot = 0;
     9a2:	c0 e0       	ldi	r28, 0x00	; 0
     9a4:	2e c0       	rjmp	.+92     	; 0xa02 <CreateCard+0x72>
        /*
            Byte +5 is our valid flag.
        */

        if(EEPROM_ReadByte(
            GetCardAddress(slot) + 5)
     9a6:	8c 2f       	mov	r24, r28
     9a8:	0e 94 16 02 	call	0x42c	; 0x42c <GetCardAddress>
     9ac:	8c 01       	movw	r16, r24
     9ae:	7c 01       	movw	r14, r24
     9b0:	85 e0       	ldi	r24, 0x05	; 5
     9b2:	e8 0e       	add	r14, r24
     9b4:	f1 1c       	adc	r15, r1
    {
        /*
            Byte +5 is our valid flag.
        */

        if(EEPROM_ReadByte(
     9b6:	c7 01       	movw	r24, r14
     9b8:	0e 94 87 00 	call	0x10e	; 0x10e <EEPROM_ReadByte>
     9bc:	85 3a       	cpi	r24, 0xA5	; 165
     9be:	01 f1       	breq	.+64     	; 0xa00 <CreateCard+0x70>
     9c0:	0c c0       	rjmp	.+24     	; 0x9da <CreateCard+0x4a>
                i < 4;
                i++)
            {
                EEPROM_WriteByte(
                    GetCardAddress(slot) + i,
                    uid[i]
     9c2:	8d 2f       	mov	r24, r29
     9c4:	90 e0       	ldi	r25, 0x00	; 0
     9c6:	f6 01       	movw	r30, r12
     9c8:	e8 0f       	add	r30, r24
     9ca:	f9 1f       	adc	r31, r25
        {
            for(i = 0;
                i < 4;
                i++)
            {
                EEPROM_WriteByte(
     9cc:	60 81       	ld	r22, Z
     9ce:	80 0f       	add	r24, r16
     9d0:	91 1f       	adc	r25, r17
     9d2:	0e 94 a4 00 	call	0x148	; 0x148 <EEPROM_WriteByte>
            GetCardAddress(slot) + 5)
            != 0xA5)
        {
            for(i = 0;
                i < 4;
                i++)
     9d6:	df 5f       	subi	r29, 0xFF	; 255
     9d8:	01 c0       	rjmp	.+2      	; 0x9dc <CreateCard+0x4c>
     9da:	d0 e0       	ldi	r29, 0x00	; 0

        if(EEPROM_ReadByte(
            GetCardAddress(slot) + 5)
            != 0xA5)
        {
            for(i = 0;
     9dc:	d4 30       	cpi	r29, 0x04	; 4
     9de:	88 f3       	brcs	.-30     	; 0x9c2 <CreateCard+0x32>

            /*
                Balance = 0
            */

            EEPROM_WriteByte(
     9e0:	60 e0       	ldi	r22, 0x00	; 0
     9e2:	c8 01       	movw	r24, r16
     9e4:	06 96       	adiw	r24, 0x06	; 6
     9e6:	0e 94 a4 00 	call	0x148	; 0x148 <EEPROM_WriteByte>
                GetCardAddress(slot) + 6,
                0
            );

            EEPROM_WriteByte(
     9ea:	60 e0       	ldi	r22, 0x00	; 0
     9ec:	c8 01       	movw	r24, r16
     9ee:	07 96       	adiw	r24, 0x07	; 7
     9f0:	0e 94 a4 00 	call	0x148	; 0x148 <EEPROM_WriteByte>

            /*
                Valid
            */

            EEPROM_WriteByte(
     9f4:	65 ea       	ldi	r22, 0xA5	; 165
     9f6:	c7 01       	movw	r24, r14
     9f8:	0e 94 a4 00 	call	0x148	; 0x148 <EEPROM_WriteByte>
                GetCardAddress(slot) + 5,
                0xA5
            );

            return slot;
     9fc:	8c 2f       	mov	r24, r28
     9fe:	04 c0       	rjmp	.+8      	; 0xa08 <CreateCard+0x78>

    u8 i;

    for(slot = 0;
        slot < MAX_CARDS;
        slot++)
     a00:	cf 5f       	subi	r28, 0xFF	; 255
{
    u8 slot;

    u8 i;

    for(slot = 0;
     a02:	c0 31       	cpi	r28, 0x10	; 16
     a04:	80 f2       	brcs	.-96     	; 0x9a6 <CreateCard+0x16>

            return slot;
        }
    }

    return 0xFF;
     a06:	8f ef       	ldi	r24, 0xFF	; 255
}
     a08:	df 91       	pop	r29
     a0a:	cf 91       	pop	r28
     a0c:	1f 91       	pop	r17
     a0e:	0f 91       	pop	r16
     a10:	ff 90       	pop	r15
     a12:	ef 90       	pop	r14
     a14:	df 90       	pop	r13
     a16:	cf 90       	pop	r12
     a18:	08 95       	ret

00000a1a <SaveBalance>:
--------------------------------------------------*/

static u8 SaveBalance(
    u8 slot,
    u16 balance)
{
     a1a:	ff 92       	push	r15
     a1c:	0f 93       	push	r16
     a1e:	1f 93       	push	r17
     a20:	cf 93       	push	r28
     a22:	df 93       	push	r29
     a24:	f8 2e       	mov	r15, r24
     a26:	eb 01       	movw	r28, r22
    u16 address;

    address =
        GetCardAddress(slot) + 6;
     a28:	0e 94 16 02 	call	0x42c	; 0x42c <GetCardAddress>
     a2c:	8c 01       	movw	r16, r24

    /*
        Low byte
    */

    if(!EEPROM_WriteByte(
     a2e:	6c 2f       	mov	r22, r28
     a30:	06 96       	adiw	r24, 0x06	; 6
     a32:	0e 94 a4 00 	call	0x148	; 0x148 <EEPROM_WriteByte>
     a36:	88 23       	and	r24, r24
     a38:	81 f0       	breq	.+32     	; 0xa5a <SaveBalance+0x40>

    /*
        High byte
    */

    if(!EEPROM_WriteByte(
     a3a:	6d 2f       	mov	r22, r29
     a3c:	c8 01       	movw	r24, r16
     a3e:	07 96       	adiw	r24, 0x07	; 7
     a40:	0e 94 a4 00 	call	0x148	; 0x148 <EEPROM_WriteByte>
     a44:	88 23       	and	r24, r24
     a46:	49 f0       	breq	.+18     	; 0xa5a <SaveBalance+0x40>
    /*
        R7:
        Read back and verify.
    */

    if(GetBalance(slot) != balance)
     a48:	8f 2d       	mov	r24, r15
     a4a:	0e 94 3d 03 	call	0x67a	; 0x67a <GetBalance>
     a4e:	c8 17       	cp	r28, r24
     a50:	d9 07       	cpc	r29, r25
     a52:	11 f0       	breq	.+4      	; 0xa58 <SaveBalance+0x3e>
    {
        return FALSE;
     a54:	80 e0       	ldi	r24, 0x00	; 0
     a56:	01 c0       	rjmp	.+2      	; 0xa5a <SaveBalance+0x40>
    }

    return TRUE;
     a58:	81 e0       	ldi	r24, 0x01	; 1
}
     a5a:	df 91       	pop	r29
     a5c:	cf 91       	pop	r28
     a5e:	1f 91       	pop	r17
     a60:	0f 91       	pop	r16
     a62:	ff 90       	pop	r15
     a64:	08 95       	ret

00000a66 <LogTransaction>:
static void LogTransaction(
    u8 slot,
    u8 type,
    u16 amount,
    u16 balance)
{
     a66:	9f 92       	push	r9
     a68:	af 92       	push	r10
     a6a:	bf 92       	push	r11
     a6c:	cf 92       	push	r12
     a6e:	df 92       	push	r13
     a70:	ef 92       	push	r14
     a72:	ff 92       	push	r15
     a74:	0f 93       	push	r16
     a76:	1f 93       	push	r17
     a78:	cf 93       	push	r28
     a7a:	df 93       	push	r29
     a7c:	cd b7       	in	r28, 0x3d	; 61
     a7e:	de b7       	in	r29, 0x3e	; 62
     a80:	2d 97       	sbiw	r28, 0x0d	; 13
     a82:	0f b6       	in	r0, 0x3f	; 63
     a84:	f8 94       	cli
     a86:	de bf       	out	0x3e, r29	; 62
     a88:	0f be       	out	0x3f, r0	; 63
     a8a:	cd bf       	out	0x3d, r28	; 61
     a8c:	98 2e       	mov	r9, r24
     a8e:	a6 2e       	mov	r10, r22
     a90:	7a 01       	movw	r14, r20
     a92:	89 01       	movw	r16, r18
    u8 index;

    u16 address;


    if(!RTC_GetTime(&time))
     a94:	ce 01       	movw	r24, r28
     a96:	01 96       	adiw	r24, 0x01	; 1
     a98:	0e 94 1c 0d 	call	0x1a38	; 0x1a38 <RTC_GetTime>
     a9c:	88 23       	and	r24, r24
     a9e:	b9 f1       	breq	.+110    	; 0xb0e <LogTransaction+0xa8>
    }


    index =
        EEPROM_ReadByte(
            GetCardAddress(slot) + 4
     aa0:	89 2d       	mov	r24, r9
     aa2:	0e 94 16 02 	call	0x42c	; 0x42c <GetCardAddress>
     aa6:	04 96       	adiw	r24, 0x04	; 4
     aa8:	6c 01       	movw	r12, r24
    {
        return;
    }


    index =
     aaa:	0e 94 87 00 	call	0x10e	; 0x10e <EEPROM_ReadByte>
     aae:	b8 2e       	mov	r11, r24
        EEPROM_ReadByte(
            GetCardAddress(slot) + 4
        );


    if(index >= HISTORY_COUNT)
     ab0:	84 e0       	ldi	r24, 0x04	; 4
     ab2:	8b 15       	cp	r24, r11
     ab4:	08 f4       	brcc	.+2      	; 0xab8 <LogTransaction+0x52>
    {
        index = 0;
     ab6:	b1 2c       	mov	r11, r1
    address =
        HISTORY_BASE +

        ((u16)slot *
         HISTORY_COUNT *
         HISTORY_RECORD_SIZE) +
     ab8:	89 2d       	mov	r24, r9
     aba:	90 e0       	ldi	r25, 0x00	; 0
     abc:	9c 01       	movw	r18, r24
     abe:	22 0f       	add	r18, r18
     ac0:	33 1f       	adc	r19, r19
     ac2:	22 0f       	add	r18, r18
     ac4:	33 1f       	adc	r19, r19
     ac6:	82 0f       	add	r24, r18
     ac8:	93 1f       	adc	r25, r19
     aca:	8b 0d       	add	r24, r11
     acc:	91 1d       	adc	r25, r1
    {
        index = 0;
    }


    address =
     ace:	80 5b       	subi	r24, 0xB0	; 176
     ad0:	9f 4f       	sbci	r25, 0xFF	; 255

        ((u16)index *
         HISTORY_RECORD_SIZE);


    transaction.type =
     ad2:	af 82       	std	Y+7, r10	; 0x07
        type;

    transaction.amount =
     ad4:	f9 86       	std	Y+9, r15	; 0x09
     ad6:	e8 86       	std	Y+8, r14	; 0x08
        amount;

    transaction.balance =
     ad8:	1b 87       	std	Y+11, r17	; 0x0b
     ada:	0a 87       	std	Y+10, r16	; 0x0a
        balance;

    transaction.hour =
        time.hour;
     adc:	2b 81       	ldd	r18, Y+3	; 0x03
        amount;

    transaction.balance =
        balance;

    transaction.hour =
     ade:	2c 87       	std	Y+12, r18	; 0x0c
        time.hour;

    transaction.min =
        time.min;
     ae0:	2a 81       	ldd	r18, Y+2	; 0x02
        balance;

    transaction.hour =
        time.hour;

    transaction.min =
     ae2:	2d 87       	std	Y+13, r18	; 0x0d
        time.min;


    EEPROM_WriteBlock(
     ae4:	47 e0       	ldi	r20, 0x07	; 7
     ae6:	50 e0       	ldi	r21, 0x00	; 0
     ae8:	be 01       	movw	r22, r28
     aea:	69 5f       	subi	r22, 0xF9	; 249
     aec:	7f 4f       	sbci	r23, 0xFF	; 255
     aee:	82 95       	swap	r24
     af0:	92 95       	swap	r25
     af2:	90 7f       	andi	r25, 0xF0	; 240
     af4:	98 27       	eor	r25, r24
     af6:	80 7f       	andi	r24, 0xF0	; 240
     af8:	98 27       	eor	r25, r24
     afa:	0e 94 cd 00 	call	0x19a	; 0x19a <EEPROM_WriteBlock>
        (u8*)&transaction,
        sizeof(Transaction)
    );


    index++;
     afe:	61 e0       	ldi	r22, 0x01	; 1
     b00:	6b 0d       	add	r22, r11

    if(index >= HISTORY_COUNT)
     b02:	65 30       	cpi	r22, 0x05	; 5
     b04:	08 f0       	brcs	.+2      	; 0xb08 <LogTransaction+0xa2>
    {
        index = 0;
     b06:	60 e0       	ldi	r22, 0x00	; 0
    }


    EEPROM_WriteByte(
     b08:	c6 01       	movw	r24, r12
     b0a:	0e 94 a4 00 	call	0x148	; 0x148 <EEPROM_WriteByte>
        GetCardAddress(slot) + 4,
        index
    );
}
     b0e:	2d 96       	adiw	r28, 0x0d	; 13
     b10:	0f b6       	in	r0, 0x3f	; 63
     b12:	f8 94       	cli
     b14:	de bf       	out	0x3e, r29	; 62
     b16:	0f be       	out	0x3f, r0	; 63
     b18:	cd bf       	out	0x3d, r28	; 61
     b1a:	df 91       	pop	r29
     b1c:	cf 91       	pop	r28
     b1e:	1f 91       	pop	r17
     b20:	0f 91       	pop	r16
     b22:	ff 90       	pop	r15
     b24:	ef 90       	pop	r14
     b26:	df 90       	pop	r13
     b28:	cf 90       	pop	r12
     b2a:	bf 90       	pop	r11
     b2c:	af 90       	pop	r10
     b2e:	9f 90       	pop	r9
     b30:	08 95       	ret

00000b32 <ProcessTopup>:
--------------------------------------------------*/

static void ProcessTopup(
    char *uidString,
    u16 amount)
{
     b32:	af 92       	push	r10
     b34:	bf 92       	push	r11
     b36:	cf 92       	push	r12
     b38:	df 92       	push	r13
     b3a:	ef 92       	push	r14
     b3c:	ff 92       	push	r15
     b3e:	0f 93       	push	r16
     b40:	1f 93       	push	r17
     b42:	cf 93       	push	r28
     b44:	df 93       	push	r29
     b46:	cd b7       	in	r28, 0x3d	; 61
     b48:	de b7       	in	r29, 0x3e	; 62
     b4a:	ae 97       	sbiw	r28, 0x2e	; 46
     b4c:	0f b6       	in	r0, 0x3f	; 63
     b4e:	f8 94       	cli
     b50:	de bf       	out	0x3e, r29	; 62
     b52:	0f be       	out	0x3f, r0	; 63
     b54:	cd bf       	out	0x3d, r28	; 61
     b56:	7c 01       	movw	r14, r24
     b58:	6b 01       	movw	r12, r22
    u16 balance;

    char data[40];


    if(strlen(uidString) != 8)
     b5a:	fc 01       	movw	r30, r24
     b5c:	01 90       	ld	r0, Z+
     b5e:	00 20       	and	r0, r0
     b60:	e9 f7       	brne	.-6      	; 0xb5c <ProcessTopup+0x2a>
     b62:	31 97       	sbiw	r30, 0x01	; 1
     b64:	e8 1b       	sub	r30, r24
     b66:	f9 0b       	sbc	r31, r25
     b68:	38 97       	sbiw	r30, 0x08	; 8
     b6a:	49 f1       	breq	.+82     	; 0xbbe <ProcessTopup+0x8c>
    {
        UART_SendString(
     b6c:	8a e9       	ldi	r24, 0x9A	; 154
     b6e:	91 e0       	ldi	r25, 0x01	; 1
     b70:	0e 94 ae 0d 	call	0x1b5c	; 0x1b5c <UART_SendString>
            "ERR\r\n"
        );

        return;
     b74:	7d c0       	rjmp	.+250    	; 0xc70 <ProcessTopup+0x13e>
        i++)
    {
        unsigned int value;

        sscanf(
            uidString + i * 2,
     b76:	0b 2d       	mov	r16, r11
     b78:	10 e0       	ldi	r17, 0x00	; 0
     b7a:	c8 01       	movw	r24, r16
     b7c:	88 0f       	add	r24, r24
     b7e:	99 1f       	adc	r25, r25
        i < 4;
        i++)
    {
        unsigned int value;

        sscanf(
     b80:	9e 01       	movw	r18, r28
     b82:	23 5d       	subi	r18, 0xD3	; 211
     b84:	3f 4f       	sbci	r19, 0xFF	; 255
     b86:	3f 93       	push	r19
     b88:	2f 93       	push	r18
     b8a:	28 e4       	ldi	r18, 0x48	; 72
     b8c:	31 e0       	ldi	r19, 0x01	; 1
     b8e:	3f 93       	push	r19
     b90:	2f 93       	push	r18
     b92:	8e 0d       	add	r24, r14
     b94:	9f 1d       	adc	r25, r15
     b96:	9f 93       	push	r25
     b98:	8f 93       	push	r24
     b9a:	0e 94 2a 0e 	call	0x1c54	; 0x1c54 <sscanf>
            "%2X",
            &value
        );

        uid[i] =
            (u8)value;
     b9e:	8d a5       	ldd	r24, Y+45	; 0x2d
            uidString + i * 2,
            "%2X",
            &value
        );

        uid[i] =
     ba0:	e1 e0       	ldi	r30, 0x01	; 1
     ba2:	f0 e0       	ldi	r31, 0x00	; 0
     ba4:	ec 0f       	add	r30, r28
     ba6:	fd 1f       	adc	r31, r29
     ba8:	e0 0f       	add	r30, r16
     baa:	f1 1f       	adc	r31, r17
     bac:	80 83       	st	Z, r24
        into 4 bytes
    */

    for(i = 0;
        i < 4;
        i++)
     bae:	b3 94       	inc	r11
     bb0:	0f 90       	pop	r0
     bb2:	0f 90       	pop	r0
     bb4:	0f 90       	pop	r0
     bb6:	0f 90       	pop	r0
     bb8:	0f 90       	pop	r0
     bba:	0f 90       	pop	r0
     bbc:	01 c0       	rjmp	.+2      	; 0xbc0 <ProcessTopup+0x8e>
     bbe:	b1 2c       	mov	r11, r1
        Convert UID string
        A1B2C3D4
        into 4 bytes
    */

    for(i = 0;
     bc0:	83 e0       	ldi	r24, 0x03	; 3
     bc2:	8b 15       	cp	r24, r11
     bc4:	c0 f6       	brcc	.-80     	; 0xb76 <ProcessTopup+0x44>
        uid[i] =
            (u8)value;
    }


    slot =
     bc6:	ce 01       	movw	r24, r28
     bc8:	01 96       	adiw	r24, 0x01	; 1
     bca:	0e 94 0e 03 	call	0x61c	; 0x61c <FindCard>
     bce:	18 2f       	mov	r17, r24
        FindCard(uid);


    if(slot == 0xFF)
     bd0:	8f 3f       	cpi	r24, 0xFF	; 255
     bd2:	29 f4       	brne	.+10     	; 0xbde <ProcessTopup+0xac>
    {
        slot =
     bd4:	ce 01       	movw	r24, r28
     bd6:	01 96       	adiw	r24, 0x01	; 1
     bd8:	0e 94 c8 04 	call	0x990	; 0x990 <CreateCard>
     bdc:	18 2f       	mov	r17, r24
            CreateCard(uid);
    }


    if(slot == 0xFF)
     bde:	1f 3f       	cpi	r17, 0xFF	; 255
     be0:	29 f4       	brne	.+10     	; 0xbec <ProcessTopup+0xba>
    {
        UART_SendString(
     be2:	80 ea       	ldi	r24, 0xA0	; 160
     be4:	91 e0       	ldi	r25, 0x01	; 1
     be6:	0e 94 ae 0d 	call	0x1b5c	; 0x1b5c <UART_SendString>
            "ERR FULL\r\n"
        );

        return;
     bea:	42 c0       	rjmp	.+132    	; 0xc70 <ProcessTopup+0x13e>
    }


    balance =
     bec:	81 2f       	mov	r24, r17
     bee:	0e 94 3d 03 	call	0x67a	; 0x67a <GetBalance>
    /*
        Maximum = 999
    */

    if(amount >
       (MAX_BALANCE - balance))
     bf2:	47 ee       	ldi	r20, 0xE7	; 231
     bf4:	53 e0       	ldi	r21, 0x03	; 3
     bf6:	48 1b       	sub	r20, r24
     bf8:	59 0b       	sbc	r21, r25

    /*
        Maximum = 999
    */

    if(amount >
     bfa:	4c 15       	cp	r20, r12
     bfc:	5d 05       	cpc	r21, r13
     bfe:	28 f4       	brcc	.+10     	; 0xc0a <ProcessTopup+0xd8>
       (MAX_BALANCE - balance))
    {
        UART_SendString(
     c00:	8b ea       	ldi	r24, 0xAB	; 171
     c02:	91 e0       	ldi	r25, 0x01	; 1
     c04:	0e 94 ae 0d 	call	0x1b5c	; 0x1b5c <UART_SendString>
            "ERR MAX\r\n"
        );

        return;
     c08:	33 c0       	rjmp	.+102    	; 0xc70 <ProcessTopup+0x13e>
    }


    balance += amount;
     c0a:	5c 01       	movw	r10, r24
     c0c:	ac 0c       	add	r10, r12
     c0e:	bd 1c       	adc	r11, r13


    if(!SaveBalance(
     c10:	b5 01       	movw	r22, r10
     c12:	81 2f       	mov	r24, r17
     c14:	0e 94 0d 05 	call	0xa1a	; 0xa1a <SaveBalance>
     c18:	81 11       	cpse	r24, r1
     c1a:	07 c0       	rjmp	.+14     	; 0xc2a <ProcessTopup+0xf8>
        slot,
        balance))
    {
        SendEvent(
     c1c:	65 eb       	ldi	r22, 0xB5	; 181
     c1e:	71 e0       	ldi	r23, 0x01	; 1
     c20:	8c eb       	ldi	r24, 0xBC	; 188
     c22:	91 e0       	ldi	r25, 0x01	; 1
     c24:	0e 94 40 02 	call	0x480	; 0x480 <SendEvent>
            "ERROR",
            "EEPROM"
        );

        return;
     c28:	23 c0       	rjmp	.+70     	; 0xc70 <ProcessTopup+0x13e>
    }


    LogTransaction(
     c2a:	95 01       	movw	r18, r10
     c2c:	a6 01       	movw	r20, r12
     c2e:	62 e0       	ldi	r22, 0x02	; 2
     c30:	81 2f       	mov	r24, r17
     c32:	0e 94 33 05 	call	0xa66	; 0xa66 <LogTransaction>
        amount,
        balance
    );


    sprintf(
     c36:	df 92       	push	r13
     c38:	cf 92       	push	r12
     c3a:	ff 92       	push	r15
     c3c:	ef 92       	push	r14
     c3e:	82 ec       	ldi	r24, 0xC2	; 194
     c40:	91 e0       	ldi	r25, 0x01	; 1
     c42:	9f 93       	push	r25
     c44:	8f 93       	push	r24
     c46:	8e 01       	movw	r16, r28
     c48:	0b 5f       	subi	r16, 0xFB	; 251
     c4a:	1f 4f       	sbci	r17, 0xFF	; 255
     c4c:	1f 93       	push	r17
     c4e:	0f 93       	push	r16
     c50:	0e 94 08 0e 	call	0x1c10	; 0x1c10 <sprintf>
        uidString,
        amount
    );


    SendEvent(
     c54:	b8 01       	movw	r22, r16
     c56:	88 ec       	ldi	r24, 0xC8	; 200
     c58:	91 e0       	ldi	r25, 0x01	; 1
     c5a:	0e 94 40 02 	call	0x480	; 0x480 <SendEvent>
        "TOPUP",
        data
    );


    UART_SendString(
     c5e:	85 e9       	ldi	r24, 0x95	; 149
     c60:	91 e0       	ldi	r25, 0x01	; 1
     c62:	0e 94 ae 0d 	call	0x1b5c	; 0x1b5c <UART_SendString>
     c66:	0f b6       	in	r0, 0x3f	; 63
     c68:	f8 94       	cli
     c6a:	de bf       	out	0x3e, r29	; 62
     c6c:	0f be       	out	0x3f, r0	; 63
     c6e:	cd bf       	out	0x3d, r28	; 61
        "OK\r\n"
    );
}
     c70:	ae 96       	adiw	r28, 0x2e	; 46
     c72:	0f b6       	in	r0, 0x3f	; 63
     c74:	f8 94       	cli
     c76:	de bf       	out	0x3e, r29	; 62
     c78:	0f be       	out	0x3f, r0	; 63
     c7a:	cd bf       	out	0x3d, r28	; 61
     c7c:	df 91       	pop	r29
     c7e:	cf 91       	pop	r28
     c80:	1f 91       	pop	r17
     c82:	0f 91       	pop	r16
     c84:	ff 90       	pop	r15
     c86:	ef 90       	pop	r14
     c88:	df 90       	pop	r13
     c8a:	cf 90       	pop	r12
     c8c:	bf 90       	pop	r11
     c8e:	af 90       	pop	r10
     c90:	08 95       	ret

00000c92 <ProcessCommand>:
                 Command Parser
--------------------------------------------------*/

static void ProcessCommand(
    char *command)
{
     c92:	0f 93       	push	r16
     c94:	1f 93       	push	r17
     c96:	cf 93       	push	r28
     c98:	df 93       	push	r29
     c9a:	cd b7       	in	r28, 0x3d	; 61
     c9c:	de b7       	in	r29, 0x3e	; 62
     c9e:	2e 97       	sbiw	r28, 0x0e	; 14
     ca0:	0f b6       	in	r0, 0x3f	; 63
     ca2:	f8 94       	cli
     ca4:	de bf       	out	0x3e, r29	; 62
     ca6:	0f be       	out	0x3f, r0	; 63
     ca8:	cd bf       	out	0x3d, r28	; 61
     caa:	8c 01       	movw	r16, r24
    if(strncmp(
     cac:	46 e0       	ldi	r20, 0x06	; 6
     cae:	50 e0       	ldi	r21, 0x00	; 0
     cb0:	6e ec       	ldi	r22, 0xCE	; 206
     cb2:	71 e0       	ldi	r23, 0x01	; 1
     cb4:	0e 94 fa 0d 	call	0x1bf4	; 0x1bf4 <strncmp>
     cb8:	89 2b       	or	r24, r25
     cba:	21 f5       	brne	.+72     	; 0xd04 <ProcessCommand+0x72>
        char uid[12];

        unsigned int amount;


        if(sscanf(
     cbc:	ce 01       	movw	r24, r28
     cbe:	0d 96       	adiw	r24, 0x0d	; 13
     cc0:	9f 93       	push	r25
     cc2:	8f 93       	push	r24
     cc4:	0c 97       	sbiw	r24, 0x0c	; 12
     cc6:	9f 93       	push	r25
     cc8:	8f 93       	push	r24
     cca:	85 ed       	ldi	r24, 0xD5	; 213
     ccc:	91 e0       	ldi	r25, 0x01	; 1
     cce:	9f 93       	push	r25
     cd0:	8f 93       	push	r24
     cd2:	0a 5f       	subi	r16, 0xFA	; 250
     cd4:	1f 4f       	sbci	r17, 0xFF	; 255
     cd6:	1f 93       	push	r17
     cd8:	0f 93       	push	r16
     cda:	0e 94 2a 0e 	call	0x1c54	; 0x1c54 <sscanf>
     cde:	0f b6       	in	r0, 0x3f	; 63
     ce0:	f8 94       	cli
     ce2:	de bf       	out	0x3e, r29	; 62
     ce4:	0f be       	out	0x3f, r0	; 63
     ce6:	cd bf       	out	0x3d, r28	; 61
     ce8:	02 97       	sbiw	r24, 0x02	; 2
     cea:	39 f4       	brne	.+14     	; 0xcfa <ProcessCommand+0x68>
            "%11s %u",
            uid,
            &amount
        ) == 2)
        {
            ProcessTopup(
     cec:	6d 85       	ldd	r22, Y+13	; 0x0d
     cee:	7e 85       	ldd	r23, Y+14	; 0x0e
     cf0:	ce 01       	movw	r24, r28
     cf2:	01 96       	adiw	r24, 0x01	; 1
     cf4:	0e 94 99 05 	call	0xb32	; 0xb32 <ProcessTopup>
     cf8:	33 c0       	rjmp	.+102    	; 0xd60 <ProcessCommand+0xce>
                (u16)amount
            );
        }
        else
        {
            UART_SendString(
     cfa:	8a e9       	ldi	r24, 0x9A	; 154
     cfc:	91 e0       	ldi	r25, 0x01	; 1
     cfe:	0e 94 ae 0d 	call	0x1b5c	; 0x1b5c <UART_SendString>
     d02:	2e c0       	rjmp	.+92     	; 0xd60 <ProcessCommand+0xce>
            );
        }
    }


    else if(strncmp(
     d04:	48 e0       	ldi	r20, 0x08	; 8
     d06:	50 e0       	ldi	r21, 0x00	; 0
     d08:	6b e5       	ldi	r22, 0x5B	; 91
     d0a:	71 e0       	ldi	r23, 0x01	; 1
     d0c:	c8 01       	movw	r24, r16
     d0e:	0e 94 fa 0d 	call	0x1bf4	; 0x1bf4 <strncmp>
     d12:	89 2b       	or	r24, r25
     d14:	29 f4       	brne	.+10     	; 0xd20 <ProcessCommand+0x8e>
        command,
        "BALANCE ",
        8) == 0)
    {
        ProcessBalance(
     d16:	c8 01       	movw	r24, r16
     d18:	08 96       	adiw	r24, 0x08	; 8
     d1a:	0e 94 57 03 	call	0x6ae	; 0x6ae <ProcessBalance>
     d1e:	20 c0       	rjmp	.+64     	; 0xd60 <ProcessCommand+0xce>
            command + 8
        );
    }


    else if(strncmp(
     d20:	48 e0       	ldi	r20, 0x08	; 8
     d22:	50 e0       	ldi	r21, 0x00	; 0
     d24:	6d ed       	ldi	r22, 0xDD	; 221
     d26:	71 e0       	ldi	r23, 0x01	; 1
     d28:	c8 01       	movw	r24, r16
     d2a:	0e 94 fa 0d 	call	0x1bf4	; 0x1bf4 <strncmp>
     d2e:	89 2b       	or	r24, r25
     d30:	29 f4       	brne	.+10     	; 0xd3c <ProcessCommand+0xaa>
        command,
        "HISTORY ",
        8) == 0)
    {
        ProcessHistory(
     d32:	c8 01       	movw	r24, r16
     d34:	08 96       	adiw	r24, 0x08	; 8
     d36:	0e 94 bb 03 	call	0x776	; 0x776 <ProcessHistory>
     d3a:	12 c0       	rjmp	.+36     	; 0xd60 <ProcessCommand+0xce>
            command + 8
        );
    }


    else if(strncmp(
     d3c:	48 e0       	ldi	r20, 0x08	; 8
     d3e:	50 e0       	ldi	r21, 0x00	; 0
     d40:	66 ee       	ldi	r22, 0xE6	; 230
     d42:	71 e0       	ldi	r23, 0x01	; 1
     d44:	c8 01       	movw	r24, r16
     d46:	0e 94 fa 0d 	call	0x1bf4	; 0x1bf4 <strncmp>
     d4a:	89 2b       	or	r24, r25
     d4c:	29 f4       	brne	.+10     	; 0xd58 <ProcessCommand+0xc6>
        command,
        "SETTIME ",
        8) == 0)
    {
        ProcessSetTime(
     d4e:	c8 01       	movw	r24, r16
     d50:	08 96       	adiw	r24, 0x08	; 8
     d52:	0e 94 62 04 	call	0x8c4	; 0x8c4 <ProcessSetTime>
     d56:	04 c0       	rjmp	.+8      	; 0xd60 <ProcessCommand+0xce>
    }


    else
    {
        UART_SendString(
     d58:	8f ee       	ldi	r24, 0xEF	; 239
     d5a:	91 e0       	ldi	r25, 0x01	; 1
     d5c:	0e 94 ae 0d 	call	0x1b5c	; 0x1b5c <UART_SendString>
            "ERR CMD\r\n"
        );
    }
}
     d60:	2e 96       	adiw	r28, 0x0e	; 14
     d62:	0f b6       	in	r0, 0x3f	; 63
     d64:	f8 94       	cli
     d66:	de bf       	out	0x3e, r29	; 62
     d68:	0f be       	out	0x3f, r0	; 63
     d6a:	cd bf       	out	0x3d, r28	; 61
     d6c:	df 91       	pop	r29
     d6e:	cf 91       	pop	r28
     d70:	1f 91       	pop	r17
     d72:	0f 91       	pop	r16
     d74:	08 95       	ret

00000d76 <Kiosk_Init>:
                    INIT
--------------------------------------------------*/

void Kiosk_Init(void)
{
    I2C_Init();
     d76:	0e 94 5e 01 	call	0x2bc	; 0x2bc <I2C_Init>

    UART_Init(9600);
     d7a:	80 e8       	ldi	r24, 0x80	; 128
     d7c:	95 e2       	ldi	r25, 0x25	; 37
     d7e:	0e 94 77 0d 	call	0x1aee	; 0x1aee <UART_Init>

    Feedback_Init();
     d82:	0e 94 1e 01 	call	0x23c	; 0x23c <Feedback_Init>

    OLED_Init();
     d86:	0e 94 0c 0b 	call	0x1618	; 0x1618 <OLED_Init>

    RTC_Init();
     d8a:	0e 94 de 0c 	call	0x19bc	; 0x19bc <RTC_Init>

    RFID_Init();
     d8e:	0e 94 0e 0c 	call	0x181c	; 0x181c <RFID_Init>


    OLED_Clear();
     d92:	0e 94 f0 0a 	call	0x15e0	; 0x15e0 <OLED_Clear>

    OLED_WriteString(
     d96:	89 ef       	ldi	r24, 0xF9	; 249
     d98:	91 e0       	ldi	r25, 0x01	; 1
     d9a:	0e 94 e3 0a 	call	0x15c6	; 0x15c6 <OLED_WriteString>
        "Prepaid Kiosk"
    );


    SendEvent(
     d9e:	67 e0       	ldi	r22, 0x07	; 7
     da0:	72 e0       	ldi	r23, 0x02	; 2
     da2:	8d e0       	ldi	r24, 0x0D	; 13
     da4:	92 e0       	ldi	r25, 0x02	; 2
     da6:	0e 94 40 02 	call	0x480	; 0x480 <SendEvent>
     daa:	08 95       	ret

00000dac <Kiosk_Run>:
/*--------------------------------------------------
                     MAIN APP
--------------------------------------------------*/

void Kiosk_Run(void)
{
     dac:	cf 92       	push	r12
     dae:	df 92       	push	r13
     db0:	ef 92       	push	r14
     db2:	ff 92       	push	r15
     db4:	0f 93       	push	r16
     db6:	1f 93       	push	r17
     db8:	cf 93       	push	r28
     dba:	df 93       	push	r29
     dbc:	cd b7       	in	r28, 0x3d	; 61
     dbe:	de b7       	in	r29, 0x3e	; 62
     dc0:	c0 55       	subi	r28, 0x50	; 80
     dc2:	d1 09       	sbc	r29, r1
     dc4:	0f b6       	in	r0, 0x3f	; 63
     dc6:	f8 94       	cli
     dc8:	de bf       	out	0x3e, r29	; 62
     dca:	0f be       	out	0x3f, r0	; 63
     dcc:	cd bf       	out	0x3d, r28	; 61

    /*------------------------------------------
                PC COMMANDS
    ------------------------------------------*/

    if(UART_Available())
     dce:	0e 94 bb 0d 	call	0x1b76	; 0x1b76 <UART_Available>
     dd2:	88 23       	and	r24, r24
     dd4:	09 f1       	breq	.+66     	; 0xe18 <Kiosk_Run+0x6c>
    {
        u8 received;

        received =
     dd6:	0e 94 a7 0d 	call	0x1b4e	; 0x1b4e <UART_Receive>
            UART_Receive();


        if(received == '\r' ||
     dda:	8d 30       	cpi	r24, 0x0D	; 13
     ddc:	11 f0       	breq	.+4      	; 0xde2 <Kiosk_Run+0x36>
     dde:	8a 30       	cpi	r24, 0x0A	; 10
     de0:	79 f4       	brne	.+30     	; 0xe00 <Kiosk_Run+0x54>
           received == '\n')
        {
            if(commandIndex > 0)
     de2:	e0 91 58 02 	lds	r30, 0x0258	; 0x800258 <commandIndex>
     de6:	ee 23       	and	r30, r30
     de8:	b9 f0       	breq	.+46     	; 0xe18 <Kiosk_Run+0x6c>
            {
                commandBuffer[
     dea:	f0 e0       	ldi	r31, 0x00	; 0
                    commandIndex
                ] = '\0';
     dec:	e7 5a       	subi	r30, 0xA7	; 167
     dee:	fd 4f       	sbci	r31, 0xFD	; 253
     df0:	10 82       	st	Z, r1


                ProcessCommand(
     df2:	89 e5       	ldi	r24, 0x59	; 89
     df4:	92 e0       	ldi	r25, 0x02	; 2
     df6:	0e 94 49 06 	call	0xc92	; 0xc92 <ProcessCommand>
                    commandBuffer
                );


                commandIndex = 0;
     dfa:	10 92 58 02 	sts	0x0258, r1	; 0x800258 <commandIndex>
     dfe:	0c c0       	rjmp	.+24     	; 0xe18 <Kiosk_Run+0x6c>
            }
        }

        else
        {
            if(commandIndex < 63)
     e00:	e0 91 58 02 	lds	r30, 0x0258	; 0x800258 <commandIndex>
     e04:	ef 33       	cpi	r30, 0x3F	; 63
     e06:	40 f4       	brcc	.+16     	; 0xe18 <Kiosk_Run+0x6c>
            {
                commandBuffer[
                    commandIndex++
     e08:	91 e0       	ldi	r25, 0x01	; 1
     e0a:	9e 0f       	add	r25, r30
     e0c:	90 93 58 02 	sts	0x0258, r25	; 0x800258 <commandIndex>

        else
        {
            if(commandIndex < 63)
            {
                commandBuffer[
     e10:	f0 e0       	ldi	r31, 0x00	; 0
                    commandIndex++
                ] = received;
     e12:	e7 5a       	subi	r30, 0xA7	; 167
     e14:	fd 4f       	sbci	r31, 0xFD	; 253
     e16:	80 83       	st	Z, r24

    /*------------------------------------------
                    RFID
    ------------------------------------------*/

    if(RFID_IsCardPresent())
     e18:	0e 94 52 0c 	call	0x18a4	; 0x18a4 <RFID_IsCardPresent>
     e1c:	88 23       	and	r24, r24
     e1e:	09 f4       	brne	.+2      	; 0xe22 <Kiosk_Run+0x76>
     e20:	c2 c0       	rjmp	.+388    	; 0xfa6 <Kiosk_Run+0x1fa>
    {
        if(RFID_ReadUID(uid))
     e22:	ce 01       	movw	r24, r28
     e24:	01 96       	adiw	r24, 0x01	; 1
     e26:	0e 94 76 0c 	call	0x18ec	; 0x18ec <RFID_ReadUID>
     e2a:	88 23       	and	r24, r24
     e2c:	09 f4       	brne	.+2      	; 0xe30 <Kiosk_Run+0x84>
     e2e:	bb c0       	rjmp	.+374    	; 0xfa6 <Kiosk_Run+0x1fa>
        {
            slot =
     e30:	ce 01       	movw	r24, r28
     e32:	01 96       	adiw	r24, 0x01	; 1
     e34:	0e 94 0e 03 	call	0x61c	; 0x61c <FindCard>
     e38:	18 2f       	mov	r17, r24
                FindCard(uid);


            if(slot == 0xFF)
     e3a:	8f 3f       	cpi	r24, 0xFF	; 255
     e3c:	29 f4       	brne	.+10     	; 0xe48 <Kiosk_Run+0x9c>
            {
                slot =
     e3e:	ce 01       	movw	r24, r28
     e40:	01 96       	adiw	r24, 0x01	; 1
     e42:	0e 94 c8 04 	call	0x990	; 0x990 <CreateCard>
     e46:	18 2f       	mov	r17, r24
                    CreateCard(uid);
            }


            if(slot != 0xFF)
     e48:	1f 3f       	cpi	r17, 0xFF	; 255
     e4a:	09 f4       	brne	.+2      	; 0xe4e <Kiosk_Run+0xa2>
     e4c:	99 c0       	rjmp	.+306    	; 0xf80 <Kiosk_Run+0x1d4>
            {
                balance =
     e4e:	81 2f       	mov	r24, r17
     e50:	0e 94 3d 03 	call	0x67a	; 0x67a <GetBalance>
     e54:	7c 01       	movw	r14, r24
                    GetBalance(slot);


                if(RTC_GetTime(
     e56:	ce 01       	movw	r24, r28
     e58:	05 96       	adiw	r24, 0x05	; 5
     e5a:	0e 94 1c 0d 	call	0x1a38	; 0x1a38 <RTC_GetTime>
     e5e:	88 23       	and	r24, r24
     e60:	09 f4       	brne	.+2      	; 0xe64 <Kiosk_Run+0xb8>
     e62:	85 c0       	rjmp	.+266    	; 0xf6e <Kiosk_Run+0x1c2>
                {
                    /*
                        Determine fare
                    */

                    if(RTC_IsPeak(
     e64:	ce 01       	movw	r24, r28
     e66:	05 96       	adiw	r24, 0x05	; 5
     e68:	0e 94 52 0d 	call	0x1aa4	; 0x1aa4 <RTC_IsPeak>
     e6c:	88 23       	and	r24, r24
     e6e:	11 f0       	breq	.+4      	; 0xe74 <Kiosk_Run+0xc8>
                        &time))
                    {
                        fare =
     e70:	03 e0       	ldi	r16, 0x03	; 3
     e72:	01 c0       	rjmp	.+2      	; 0xe76 <Kiosk_Run+0xca>
                            PEAK_FARE;
                    }
                    else
                    {
                        fare =
     e74:	02 e0       	ldi	r16, 0x02	; 2
                            OFFPEAK_FARE;
                    }


                    UIDToString(
     e76:	be 01       	movw	r22, r28
     e78:	65 5f       	subi	r22, 0xF5	; 245
     e7a:	7f 4f       	sbci	r23, 0xFF	; 255
     e7c:	ce 01       	movw	r24, r28
     e7e:	01 96       	adiw	r24, 0x01	; 1
     e80:	0e 94 22 02 	call	0x444	; 0x444 <UIDToString>

                    /*----------------------
                         ENOUGH BALANCE
                    ----------------------*/

                    if(balance >= fare)
     e84:	c0 2e       	mov	r12, r16
     e86:	d1 2c       	mov	r13, r1
     e88:	ec 14       	cp	r14, r12
     e8a:	fd 04       	cpc	r15, r13
     e8c:	d0 f1       	brcs	.+116    	; 0xf02 <Kiosk_Run+0x156>
                    {
                        balance -= fare;
     e8e:	ec 18       	sub	r14, r12
     e90:	fd 08       	sbc	r15, r13


                        if(SaveBalance(
     e92:	b7 01       	movw	r22, r14
     e94:	81 2f       	mov	r24, r17
     e96:	0e 94 0d 05 	call	0xa1a	; 0xa1a <SaveBalance>
     e9a:	88 23       	and	r24, r24
     e9c:	49 f1       	breq	.+82     	; 0xef0 <Kiosk_Run+0x144>
                            slot,
                            balance))
                        {
                            LogTransaction(
     e9e:	97 01       	movw	r18, r14
     ea0:	a6 01       	movw	r20, r12
     ea2:	61 e0       	ldi	r22, 0x01	; 1
     ea4:	81 2f       	mov	r24, r17
     ea6:	0e 94 33 05 	call	0xa66	; 0xa66 <LogTransaction>
                                fare,
                                balance
                            );


                            sprintf(
     eaa:	ff 92       	push	r15
     eac:	ef 92       	push	r14
     eae:	1f 92       	push	r1
     eb0:	0f 93       	push	r16
     eb2:	ce 01       	movw	r24, r28
     eb4:	0b 96       	adiw	r24, 0x0b	; 11
     eb6:	9f 93       	push	r25
     eb8:	8f 93       	push	r24
     eba:	82 e1       	ldi	r24, 0x12	; 18
     ebc:	92 e0       	ldi	r25, 0x02	; 2
     ebe:	9f 93       	push	r25
     ec0:	8f 93       	push	r24
     ec2:	8e 01       	movw	r16, r28
     ec4:	09 5e       	subi	r16, 0xE9	; 233
     ec6:	1f 4f       	sbci	r17, 0xFF	; 255
     ec8:	1f 93       	push	r17
     eca:	0f 93       	push	r16
     ecc:	0e 94 08 0e 	call	0x1c10	; 0x1c10 <sprintf>
                                fare,
                                balance
                            );


                            SendEvent(
     ed0:	b8 01       	movw	r22, r16
     ed2:	8b e1       	ldi	r24, 0x1B	; 27
     ed4:	92 e0       	ldi	r25, 0x02	; 2
     ed6:	0e 94 40 02 	call	0x480	; 0x480 <SendEvent>
                                "PAY",
                                data
                            );


                            DisplayBalance(
     eda:	c7 01       	movw	r24, r14
     edc:	0e 94 d9 02 	call	0x5b2	; 0x5b2 <DisplayBalance>
                                balance
                            );


                            Feedback_OK();
     ee0:	0e 94 3c 01 	call	0x278	; 0x278 <Feedback_OK>
     ee4:	0f b6       	in	r0, 0x3f	; 63
     ee6:	f8 94       	cli
     ee8:	de bf       	out	0x3e, r29	; 62
     eea:	0f be       	out	0x3f, r0	; 63
     eec:	cd bf       	out	0x3d, r28	; 61
     eee:	50 c0       	rjmp	.+160    	; 0xf90 <Kiosk_Run+0x1e4>
                        }
                        else
                        {
                            SendEvent(
     ef0:	65 eb       	ldi	r22, 0xB5	; 181
     ef2:	71 e0       	ldi	r23, 0x01	; 1
     ef4:	8c eb       	ldi	r24, 0xBC	; 188
     ef6:	91 e0       	ldi	r25, 0x01	; 1
     ef8:	0e 94 40 02 	call	0x480	; 0x480 <SendEvent>
                                "ERROR",
                                "EEPROM"
                            );

                            Feedback_Warning();
     efc:	0e 94 25 01 	call	0x24a	; 0x24a <Feedback_Warning>
     f00:	47 c0       	rjmp	.+142    	; 0xf90 <Kiosk_Run+0x1e4>
                        NOT ENOUGH BALANCE
                    ----------------------*/

                    else
                    {
                        sprintf(
     f02:	ce 01       	movw	r24, r28
     f04:	0b 96       	adiw	r24, 0x0b	; 11
     f06:	9f 93       	push	r25
     f08:	8f 93       	push	r24
     f0a:	8f e1       	ldi	r24, 0x1F	; 31
     f0c:	92 e0       	ldi	r25, 0x02	; 2
     f0e:	9f 93       	push	r25
     f10:	8f 93       	push	r24
     f12:	8e 01       	movw	r16, r28
     f14:	09 5e       	subi	r16, 0xE9	; 233
     f16:	1f 4f       	sbci	r17, 0xFF	; 255
     f18:	1f 93       	push	r17
     f1a:	0f 93       	push	r16
     f1c:	0e 94 08 0e 	call	0x1c10	; 0x1c10 <sprintf>
                            "%s,LOW_BALANCE",
                            uidString
                        );


                        SendEvent(
     f20:	b8 01       	movw	r22, r16
     f22:	8e e2       	ldi	r24, 0x2E	; 46
     f24:	92 e0       	ldi	r25, 0x02	; 2
     f26:	0e 94 40 02 	call	0x480	; 0x480 <SendEvent>
                            "REFUSED",
                            data
                        );


                        OLED_Clear();
     f2a:	0e 94 f0 0a 	call	0x15e0	; 0x15e0 <OLED_Clear>

                        OLED_WriteString(
     f2e:	86 e3       	ldi	r24, 0x36	; 54
     f30:	92 e0       	ldi	r25, 0x02	; 2
     f32:	0e 94 e3 0a 	call	0x15c6	; 0x15c6 <OLED_WriteString>
                            "Insufficient"
                        );

                        OLED_SetCursor(1, 0);
     f36:	60 e0       	ldi	r22, 0x00	; 0
     f38:	81 e0       	ldi	r24, 0x01	; 1
     f3a:	0e 94 a7 0a 	call	0x154e	; 0x154e <OLED_SetCursor>

                        OLED_WriteString(
     f3e:	82 e3       	ldi	r24, 0x32	; 50
     f40:	91 e0       	ldi	r25, 0x01	; 1
     f42:	0e 94 e3 0a 	call	0x15c6	; 0x15c6 <OLED_WriteString>


                        char balanceText[8];


                        NumberToString(
     f46:	be 01       	movw	r22, r28
     f48:	67 5b       	subi	r22, 0xB7	; 183
     f4a:	7f 4f       	sbci	r23, 0xFF	; 255
     f4c:	c7 01       	movw	r24, r14
     f4e:	0e 94 b1 01 	call	0x362	; 0x362 <NumberToString>
                            balance,
                            balanceText
                        );


                        OLED_WriteString(
     f52:	ce 01       	movw	r24, r28
     f54:	87 5b       	subi	r24, 0xB7	; 183
     f56:	9f 4f       	sbci	r25, 0xFF	; 255
     f58:	0e 94 e3 0a 	call	0x15c6	; 0x15c6 <OLED_WriteString>
                            balanceText
                        );


                        Feedback_Denied();
     f5c:	0e 94 55 01 	call	0x2aa	; 0x2aa <Feedback_Denied>
     f60:	0f 90       	pop	r0
     f62:	0f 90       	pop	r0
     f64:	0f 90       	pop	r0
     f66:	0f 90       	pop	r0
     f68:	0f 90       	pop	r0
     f6a:	0f 90       	pop	r0
     f6c:	11 c0       	rjmp	.+34     	; 0xf90 <Kiosk_Run+0x1e4>
                    }
                }
                else
                {
                    SendEvent(
     f6e:	63 e4       	ldi	r22, 0x43	; 67
     f70:	72 e0       	ldi	r23, 0x02	; 2
     f72:	8c eb       	ldi	r24, 0xBC	; 188
     f74:	91 e0       	ldi	r25, 0x01	; 1
     f76:	0e 94 40 02 	call	0x480	; 0x480 <SendEvent>
                        "ERROR",
                        "RTC"
                    );

                    Feedback_Warning();
     f7a:	0e 94 25 01 	call	0x24a	; 0x24a <Feedback_Warning>
     f7e:	08 c0       	rjmp	.+16     	; 0xf90 <Kiosk_Run+0x1e4>
                }
            }
            else
            {
                SendEvent(
     f80:	65 eb       	ldi	r22, 0xB5	; 181
     f82:	71 e0       	ldi	r23, 0x01	; 1
     f84:	8c eb       	ldi	r24, 0xBC	; 188
     f86:	91 e0       	ldi	r25, 0x01	; 1
     f88:	0e 94 40 02 	call	0x480	; 0x480 <SendEvent>
                    "ERROR",
                    "EEPROM"
                );

                Feedback_Warning();
     f8c:	0e 94 25 01 	call	0x24a	; 0x24a <Feedback_Warning>
            }


            RFID_StopCrypto();
     f90:	0e 94 bb 0c 	call	0x1976	; 0x1976 <RFID_StopCrypto>
     f94:	9f ef       	ldi	r25, 0xFF	; 255
     f96:	23 ed       	ldi	r18, 0xD3	; 211
     f98:	80 e3       	ldi	r24, 0x30	; 48
     f9a:	91 50       	subi	r25, 0x01	; 1
     f9c:	20 40       	sbci	r18, 0x00	; 0
     f9e:	80 40       	sbci	r24, 0x00	; 0
     fa0:	e1 f7       	brne	.-8      	; 0xf9a <Kiosk_Run+0x1ee>
     fa2:	00 c0       	rjmp	.+0      	; 0xfa4 <Kiosk_Run+0x1f8>
     fa4:	00 00       	nop

            _delay_ms(1000);
        }
    }
     fa6:	c0 5b       	subi	r28, 0xB0	; 176
     fa8:	df 4f       	sbci	r29, 0xFF	; 255
     faa:	0f b6       	in	r0, 0x3f	; 63
     fac:	f8 94       	cli
     fae:	de bf       	out	0x3e, r29	; 62
     fb0:	0f be       	out	0x3f, r0	; 63
     fb2:	cd bf       	out	0x3d, r28	; 61
     fb4:	df 91       	pop	r29
     fb6:	cf 91       	pop	r28
     fb8:	1f 91       	pop	r17
     fba:	0f 91       	pop	r16
     fbc:	ff 90       	pop	r15
     fbe:	ef 90       	pop	r14
     fc0:	df 90       	pop	r13
     fc2:	cf 90       	pop	r12
     fc4:	08 95       	ret

00000fc6 <main>:

#include "Kiosk.h"

int main(void)
{
	Kiosk_Init();
     fc6:	0e 94 bb 06 	call	0xd76	; 0xd76 <Kiosk_Init>

	while(1)
	{
		Kiosk_Run();
     fca:	0e 94 d6 06 	call	0xdac	; 0xdac <Kiosk_Run>
     fce:	fd cf       	rjmp	.-6      	; 0xfca <main+0x4>

00000fd0 <OLED_GetCharPattern>:
   Small 5x7 Font
   Characters needed by the Kiosk
   ========================================================= */

static void OLED_GetCharPattern(char c, u8 *pattern)
{
     fd0:	cf 93       	push	r28
     fd2:	df 93       	push	r29
     fd4:	db 01       	movw	r26, r22
    u8 i;

    for(i = 0; i < 5; i++)
     fd6:	90 e0       	ldi	r25, 0x00	; 0
     fd8:	05 c0       	rjmp	.+10     	; 0xfe4 <OLED_GetCharPattern+0x14>
    {
        pattern[i] = 0x00;
     fda:	ed 01       	movw	r28, r26
     fdc:	c9 0f       	add	r28, r25
     fde:	d1 1d       	adc	r29, r1
     fe0:	18 82       	st	Y, r1

static void OLED_GetCharPattern(char c, u8 *pattern)
{
    u8 i;

    for(i = 0; i < 5; i++)
     fe2:	9f 5f       	subi	r25, 0xFF	; 255
     fe4:	95 30       	cpi	r25, 0x05	; 5
     fe6:	c8 f3       	brcs	.-14     	; 0xfda <OLED_GetCharPattern+0xa>
    {
        pattern[i] = 0x00;
    }

    switch(c)
     fe8:	48 2f       	mov	r20, r24
     fea:	50 e0       	ldi	r21, 0x00	; 0
     fec:	fa 01       	movw	r30, r20
     fee:	bd 97       	sbiw	r30, 0x2d	; 45
     ff0:	ee 32       	cpi	r30, 0x2E	; 46
     ff2:	f1 05       	cpc	r31, r1
     ff4:	08 f0       	brcs	.+2      	; 0xff8 <OLED_GetCharPattern+0x28>
     ff6:	7e c2       	rjmp	.+1276   	; 0x14f4 <OLED_GetCharPattern+0x524>
     ff8:	ec 5c       	subi	r30, 0xCC	; 204
     ffa:	ff 4f       	sbci	r31, 0xFF	; 255
     ffc:	0c 94 e5 0d 	jmp	0x1bca	; 0x1bca <__tablejump2__>
    {
        /* Numbers */

        case '0':
            pattern[0] = 0x3E;
    1000:	8e e3       	ldi	r24, 0x3E	; 62
    1002:	8c 93       	st	X, r24
            pattern[1] = 0x51;
    1004:	91 e5       	ldi	r25, 0x51	; 81
    1006:	11 96       	adiw	r26, 0x01	; 1
    1008:	9c 93       	st	X, r25
    100a:	11 97       	sbiw	r26, 0x01	; 1
            pattern[2] = 0x49;
    100c:	99 e4       	ldi	r25, 0x49	; 73
    100e:	12 96       	adiw	r26, 0x02	; 2
    1010:	9c 93       	st	X, r25
    1012:	12 97       	sbiw	r26, 0x02	; 2
            pattern[3] = 0x45;
    1014:	95 e4       	ldi	r25, 0x45	; 69
    1016:	13 96       	adiw	r26, 0x03	; 3
    1018:	9c 93       	st	X, r25
    101a:	13 97       	sbiw	r26, 0x03	; 3
            pattern[4] = 0x3E;
    101c:	14 96       	adiw	r26, 0x04	; 4
    101e:	8c 93       	st	X, r24
            break;
    1020:	75 c2       	rjmp	.+1258   	; 0x150c <OLED_GetCharPattern+0x53c>

        case '1':
            pattern[0] = 0x00;
    1022:	1c 92       	st	X, r1
            pattern[1] = 0x42;
    1024:	82 e4       	ldi	r24, 0x42	; 66
    1026:	11 96       	adiw	r26, 0x01	; 1
    1028:	8c 93       	st	X, r24
    102a:	11 97       	sbiw	r26, 0x01	; 1
            pattern[2] = 0x7F;
    102c:	8f e7       	ldi	r24, 0x7F	; 127
    102e:	12 96       	adiw	r26, 0x02	; 2
    1030:	8c 93       	st	X, r24
    1032:	12 97       	sbiw	r26, 0x02	; 2
            pattern[3] = 0x40;
    1034:	80 e4       	ldi	r24, 0x40	; 64
    1036:	13 96       	adiw	r26, 0x03	; 3
    1038:	8c 93       	st	X, r24
    103a:	13 97       	sbiw	r26, 0x03	; 3
            pattern[4] = 0x00;
    103c:	14 96       	adiw	r26, 0x04	; 4
    103e:	1c 92       	st	X, r1
            break;
    1040:	65 c2       	rjmp	.+1226   	; 0x150c <OLED_GetCharPattern+0x53c>

        case '2':
            pattern[0] = 0x42;
    1042:	82 e4       	ldi	r24, 0x42	; 66
    1044:	8c 93       	st	X, r24
            pattern[1] = 0x61;
    1046:	81 e6       	ldi	r24, 0x61	; 97
    1048:	11 96       	adiw	r26, 0x01	; 1
    104a:	8c 93       	st	X, r24
    104c:	11 97       	sbiw	r26, 0x01	; 1
            pattern[2] = 0x51;
    104e:	81 e5       	ldi	r24, 0x51	; 81
    1050:	12 96       	adiw	r26, 0x02	; 2
    1052:	8c 93       	st	X, r24
    1054:	12 97       	sbiw	r26, 0x02	; 2
            pattern[3] = 0x49;
    1056:	89 e4       	ldi	r24, 0x49	; 73
    1058:	13 96       	adiw	r26, 0x03	; 3
    105a:	8c 93       	st	X, r24
    105c:	13 97       	sbiw	r26, 0x03	; 3
            pattern[4] = 0x46;
    105e:	86 e4       	ldi	r24, 0x46	; 70
    1060:	14 96       	adiw	r26, 0x04	; 4
    1062:	8c 93       	st	X, r24
            break;
    1064:	53 c2       	rjmp	.+1190   	; 0x150c <OLED_GetCharPattern+0x53c>

        case '3':
            pattern[0] = 0x21;
    1066:	81 e2       	ldi	r24, 0x21	; 33
    1068:	8c 93       	st	X, r24
            pattern[1] = 0x41;
    106a:	81 e4       	ldi	r24, 0x41	; 65
    106c:	11 96       	adiw	r26, 0x01	; 1
    106e:	8c 93       	st	X, r24
    1070:	11 97       	sbiw	r26, 0x01	; 1
            pattern[2] = 0x45;
    1072:	85 e4       	ldi	r24, 0x45	; 69
    1074:	12 96       	adiw	r26, 0x02	; 2
    1076:	8c 93       	st	X, r24
    1078:	12 97       	sbiw	r26, 0x02	; 2
            pattern[3] = 0x4B;
    107a:	8b e4       	ldi	r24, 0x4B	; 75
    107c:	13 96       	adiw	r26, 0x03	; 3
    107e:	8c 93       	st	X, r24
    1080:	13 97       	sbiw	r26, 0x03	; 3
            pattern[4] = 0x31;
    1082:	81 e3       	ldi	r24, 0x31	; 49
    1084:	14 96       	adiw	r26, 0x04	; 4
    1086:	8c 93       	st	X, r24
            break;
    1088:	41 c2       	rjmp	.+1154   	; 0x150c <OLED_GetCharPattern+0x53c>

        case '4':
            pattern[0] = 0x18;
    108a:	88 e1       	ldi	r24, 0x18	; 24
    108c:	8c 93       	st	X, r24
            pattern[1] = 0x14;
    108e:	84 e1       	ldi	r24, 0x14	; 20
    1090:	11 96       	adiw	r26, 0x01	; 1
    1092:	8c 93       	st	X, r24
    1094:	11 97       	sbiw	r26, 0x01	; 1
            pattern[2] = 0x12;
    1096:	82 e1       	ldi	r24, 0x12	; 18
    1098:	12 96       	adiw	r26, 0x02	; 2
    109a:	8c 93       	st	X, r24
    109c:	12 97       	sbiw	r26, 0x02	; 2
            pattern[3] = 0x7F;
    109e:	8f e7       	ldi	r24, 0x7F	; 127
    10a0:	13 96       	adiw	r26, 0x03	; 3
    10a2:	8c 93       	st	X, r24
    10a4:	13 97       	sbiw	r26, 0x03	; 3
            pattern[4] = 0x10;
    10a6:	80 e1       	ldi	r24, 0x10	; 16
    10a8:	14 96       	adiw	r26, 0x04	; 4
    10aa:	8c 93       	st	X, r24
            break;
    10ac:	2f c2       	rjmp	.+1118   	; 0x150c <OLED_GetCharPattern+0x53c>

        case '5':
            pattern[0] = 0x27;
    10ae:	87 e2       	ldi	r24, 0x27	; 39
    10b0:	8c 93       	st	X, r24
            pattern[1] = 0x45;
    10b2:	85 e4       	ldi	r24, 0x45	; 69
    10b4:	11 96       	adiw	r26, 0x01	; 1
    10b6:	8c 93       	st	X, r24
    10b8:	11 97       	sbiw	r26, 0x01	; 1
            pattern[2] = 0x45;
    10ba:	12 96       	adiw	r26, 0x02	; 2
    10bc:	8c 93       	st	X, r24
    10be:	12 97       	sbiw	r26, 0x02	; 2
            pattern[3] = 0x45;
    10c0:	13 96       	adiw	r26, 0x03	; 3
    10c2:	8c 93       	st	X, r24
    10c4:	13 97       	sbiw	r26, 0x03	; 3
            pattern[4] = 0x39;
    10c6:	89 e3       	ldi	r24, 0x39	; 57
    10c8:	14 96       	adiw	r26, 0x04	; 4
    10ca:	8c 93       	st	X, r24
            break;
    10cc:	1f c2       	rjmp	.+1086   	; 0x150c <OLED_GetCharPattern+0x53c>

        case '6':
            pattern[0] = 0x3C;
    10ce:	8c e3       	ldi	r24, 0x3C	; 60
    10d0:	8c 93       	st	X, r24
            pattern[1] = 0x4A;
    10d2:	8a e4       	ldi	r24, 0x4A	; 74
    10d4:	11 96       	adiw	r26, 0x01	; 1
    10d6:	8c 93       	st	X, r24
    10d8:	11 97       	sbiw	r26, 0x01	; 1
            pattern[2] = 0x49;
    10da:	89 e4       	ldi	r24, 0x49	; 73
    10dc:	12 96       	adiw	r26, 0x02	; 2
    10de:	8c 93       	st	X, r24
    10e0:	12 97       	sbiw	r26, 0x02	; 2
            pattern[3] = 0x49;
    10e2:	13 96       	adiw	r26, 0x03	; 3
    10e4:	8c 93       	st	X, r24
    10e6:	13 97       	sbiw	r26, 0x03	; 3
            pattern[4] = 0x30;
    10e8:	80 e3       	ldi	r24, 0x30	; 48
    10ea:	14 96       	adiw	r26, 0x04	; 4
    10ec:	8c 93       	st	X, r24
            break;
    10ee:	0e c2       	rjmp	.+1052   	; 0x150c <OLED_GetCharPattern+0x53c>

        case '7':
            pattern[0] = 0x01;
    10f0:	81 e0       	ldi	r24, 0x01	; 1
    10f2:	8c 93       	st	X, r24
            pattern[1] = 0x71;
    10f4:	81 e7       	ldi	r24, 0x71	; 113
    10f6:	11 96       	adiw	r26, 0x01	; 1
    10f8:	8c 93       	st	X, r24
    10fa:	11 97       	sbiw	r26, 0x01	; 1
            pattern[2] = 0x09;
    10fc:	89 e0       	ldi	r24, 0x09	; 9
    10fe:	12 96       	adiw	r26, 0x02	; 2
    1100:	8c 93       	st	X, r24
    1102:	12 97       	sbiw	r26, 0x02	; 2
            pattern[3] = 0x05;
    1104:	85 e0       	ldi	r24, 0x05	; 5
    1106:	13 96       	adiw	r26, 0x03	; 3
    1108:	8c 93       	st	X, r24
    110a:	13 97       	sbiw	r26, 0x03	; 3
            pattern[4] = 0x03;
    110c:	83 e0       	ldi	r24, 0x03	; 3
    110e:	14 96       	adiw	r26, 0x04	; 4
    1110:	8c 93       	st	X, r24
            break;
    1112:	fc c1       	rjmp	.+1016   	; 0x150c <OLED_GetCharPattern+0x53c>

        case '8':
            pattern[0] = 0x36;
    1114:	96 e3       	ldi	r25, 0x36	; 54
    1116:	9c 93       	st	X, r25
            pattern[1] = 0x49;
    1118:	89 e4       	ldi	r24, 0x49	; 73
    111a:	11 96       	adiw	r26, 0x01	; 1
    111c:	8c 93       	st	X, r24
    111e:	11 97       	sbiw	r26, 0x01	; 1
            pattern[2] = 0x49;
    1120:	12 96       	adiw	r26, 0x02	; 2
    1122:	8c 93       	st	X, r24
    1124:	12 97       	sbiw	r26, 0x02	; 2
            pattern[3] = 0x49;
    1126:	13 96       	adiw	r26, 0x03	; 3
    1128:	8c 93       	st	X, r24
    112a:	13 97       	sbiw	r26, 0x03	; 3
            pattern[4] = 0x36;
    112c:	14 96       	adiw	r26, 0x04	; 4
    112e:	9c 93       	st	X, r25
            break;
    1130:	ed c1       	rjmp	.+986    	; 0x150c <OLED_GetCharPattern+0x53c>

        case '9':
            pattern[0] = 0x06;
    1132:	86 e0       	ldi	r24, 0x06	; 6
    1134:	8c 93       	st	X, r24
            pattern[1] = 0x49;
    1136:	89 e4       	ldi	r24, 0x49	; 73
    1138:	11 96       	adiw	r26, 0x01	; 1
    113a:	8c 93       	st	X, r24
    113c:	11 97       	sbiw	r26, 0x01	; 1
            pattern[2] = 0x49;
    113e:	12 96       	adiw	r26, 0x02	; 2
    1140:	8c 93       	st	X, r24
    1142:	12 97       	sbiw	r26, 0x02	; 2
            pattern[3] = 0x29;
    1144:	89 e2       	ldi	r24, 0x29	; 41
    1146:	13 96       	adiw	r26, 0x03	; 3
    1148:	8c 93       	st	X, r24
    114a:	13 97       	sbiw	r26, 0x03	; 3
            pattern[4] = 0x1E;
    114c:	8e e1       	ldi	r24, 0x1E	; 30
    114e:	14 96       	adiw	r26, 0x04	; 4
    1150:	8c 93       	st	X, r24
            break;
    1152:	dc c1       	rjmp	.+952    	; 0x150c <OLED_GetCharPattern+0x53c>


        /* A */

        case 'A':
            pattern[0] = 0x7E;
    1154:	9e e7       	ldi	r25, 0x7E	; 126
    1156:	9c 93       	st	X, r25
            pattern[1] = 0x09;
    1158:	89 e0       	ldi	r24, 0x09	; 9
    115a:	11 96       	adiw	r26, 0x01	; 1
    115c:	8c 93       	st	X, r24
    115e:	11 97       	sbiw	r26, 0x01	; 1
            pattern[2] = 0x09;
    1160:	12 96       	adiw	r26, 0x02	; 2
    1162:	8c 93       	st	X, r24
    1164:	12 97       	sbiw	r26, 0x02	; 2
            pattern[3] = 0x09;
    1166:	13 96       	adiw	r26, 0x03	; 3
    1168:	8c 93       	st	X, r24
    116a:	13 97       	sbiw	r26, 0x03	; 3
            pattern[4] = 0x7E;
    116c:	14 96       	adiw	r26, 0x04	; 4
    116e:	9c 93       	st	X, r25
            break;
    1170:	cd c1       	rjmp	.+922    	; 0x150c <OLED_GetCharPattern+0x53c>

        case 'B':
            pattern[0] = 0x7F;
    1172:	8f e7       	ldi	r24, 0x7F	; 127
    1174:	8c 93       	st	X, r24
            pattern[1] = 0x49;
    1176:	89 e4       	ldi	r24, 0x49	; 73
    1178:	11 96       	adiw	r26, 0x01	; 1
    117a:	8c 93       	st	X, r24
    117c:	11 97       	sbiw	r26, 0x01	; 1
            pattern[2] = 0x49;
    117e:	12 96       	adiw	r26, 0x02	; 2
    1180:	8c 93       	st	X, r24
    1182:	12 97       	sbiw	r26, 0x02	; 2
            pattern[3] = 0x49;
    1184:	13 96       	adiw	r26, 0x03	; 3
    1186:	8c 93       	st	X, r24
    1188:	13 97       	sbiw	r26, 0x03	; 3
            pattern[4] = 0x36;
    118a:	86 e3       	ldi	r24, 0x36	; 54
    118c:	14 96       	adiw	r26, 0x04	; 4
    118e:	8c 93       	st	X, r24
            break;
    1190:	bd c1       	rjmp	.+890    	; 0x150c <OLED_GetCharPattern+0x53c>

        case 'C':
            pattern[0] = 0x3E;
    1192:	8e e3       	ldi	r24, 0x3E	; 62
    1194:	8c 93       	st	X, r24
            pattern[1] = 0x41;
    1196:	81 e4       	ldi	r24, 0x41	; 65
    1198:	11 96       	adiw	r26, 0x01	; 1
    119a:	8c 93       	st	X, r24
    119c:	11 97       	sbiw	r26, 0x01	; 1
            pattern[2] = 0x41;
    119e:	12 96       	adiw	r26, 0x02	; 2
    11a0:	8c 93       	st	X, r24
    11a2:	12 97       	sbiw	r26, 0x02	; 2
            pattern[3] = 0x41;
    11a4:	13 96       	adiw	r26, 0x03	; 3
    11a6:	8c 93       	st	X, r24
    11a8:	13 97       	sbiw	r26, 0x03	; 3
            pattern[4] = 0x22;
    11aa:	82 e2       	ldi	r24, 0x22	; 34
    11ac:	14 96       	adiw	r26, 0x04	; 4
    11ae:	8c 93       	st	X, r24
            break;
    11b0:	ad c1       	rjmp	.+858    	; 0x150c <OLED_GetCharPattern+0x53c>

        case 'D':
            pattern[0] = 0x7F;
    11b2:	8f e7       	ldi	r24, 0x7F	; 127
    11b4:	8c 93       	st	X, r24
            pattern[1] = 0x41;
    11b6:	81 e4       	ldi	r24, 0x41	; 65
    11b8:	11 96       	adiw	r26, 0x01	; 1
    11ba:	8c 93       	st	X, r24
    11bc:	11 97       	sbiw	r26, 0x01	; 1
            pattern[2] = 0x41;
    11be:	12 96       	adiw	r26, 0x02	; 2
    11c0:	8c 93       	st	X, r24
    11c2:	12 97       	sbiw	r26, 0x02	; 2
            pattern[3] = 0x22;
    11c4:	82 e2       	ldi	r24, 0x22	; 34
    11c6:	13 96       	adiw	r26, 0x03	; 3
    11c8:	8c 93       	st	X, r24
    11ca:	13 97       	sbiw	r26, 0x03	; 3
            pattern[4] = 0x1C;
    11cc:	8c e1       	ldi	r24, 0x1C	; 28
    11ce:	14 96       	adiw	r26, 0x04	; 4
    11d0:	8c 93       	st	X, r24
            break;
    11d2:	9c c1       	rjmp	.+824    	; 0x150c <OLED_GetCharPattern+0x53c>

        case 'E':
            pattern[0] = 0x7F;
    11d4:	8f e7       	ldi	r24, 0x7F	; 127
    11d6:	8c 93       	st	X, r24
            pattern[1] = 0x49;
    11d8:	89 e4       	ldi	r24, 0x49	; 73
    11da:	11 96       	adiw	r26, 0x01	; 1
    11dc:	8c 93       	st	X, r24
    11de:	11 97       	sbiw	r26, 0x01	; 1
            pattern[2] = 0x49;
    11e0:	12 96       	adiw	r26, 0x02	; 2
    11e2:	8c 93       	st	X, r24
    11e4:	12 97       	sbiw	r26, 0x02	; 2
            pattern[3] = 0x49;
    11e6:	13 96       	adiw	r26, 0x03	; 3
    11e8:	8c 93       	st	X, r24
    11ea:	13 97       	sbiw	r26, 0x03	; 3
            pattern[4] = 0x41;
    11ec:	81 e4       	ldi	r24, 0x41	; 65
    11ee:	14 96       	adiw	r26, 0x04	; 4
    11f0:	8c 93       	st	X, r24
            break;
    11f2:	8c c1       	rjmp	.+792    	; 0x150c <OLED_GetCharPattern+0x53c>

        case 'F':
            pattern[0] = 0x7F;
    11f4:	8f e7       	ldi	r24, 0x7F	; 127
    11f6:	8c 93       	st	X, r24
            pattern[1] = 0x09;
    11f8:	89 e0       	ldi	r24, 0x09	; 9
    11fa:	11 96       	adiw	r26, 0x01	; 1
    11fc:	8c 93       	st	X, r24
    11fe:	11 97       	sbiw	r26, 0x01	; 1
            pattern[2] = 0x09;
    1200:	12 96       	adiw	r26, 0x02	; 2
    1202:	8c 93       	st	X, r24
    1204:	12 97       	sbiw	r26, 0x02	; 2
            pattern[3] = 0x09;
    1206:	13 96       	adiw	r26, 0x03	; 3
    1208:	8c 93       	st	X, r24
    120a:	13 97       	sbiw	r26, 0x03	; 3
            pattern[4] = 0x01;
    120c:	81 e0       	ldi	r24, 0x01	; 1
    120e:	14 96       	adiw	r26, 0x04	; 4
    1210:	8c 93       	st	X, r24
            break;
    1212:	7c c1       	rjmp	.+760    	; 0x150c <OLED_GetCharPattern+0x53c>

        case 'G':
            pattern[0] = 0x3E;
    1214:	8e e3       	ldi	r24, 0x3E	; 62
    1216:	8c 93       	st	X, r24
            pattern[1] = 0x41;
    1218:	81 e4       	ldi	r24, 0x41	; 65
    121a:	11 96       	adiw	r26, 0x01	; 1
    121c:	8c 93       	st	X, r24
    121e:	11 97       	sbiw	r26, 0x01	; 1
            pattern[2] = 0x49;
    1220:	89 e4       	ldi	r24, 0x49	; 73
    1222:	12 96       	adiw	r26, 0x02	; 2
    1224:	8c 93       	st	X, r24
    1226:	12 97       	sbiw	r26, 0x02	; 2
            pattern[3] = 0x49;
    1228:	13 96       	adiw	r26, 0x03	; 3
    122a:	8c 93       	st	X, r24
    122c:	13 97       	sbiw	r26, 0x03	; 3
            pattern[4] = 0x7A;
    122e:	8a e7       	ldi	r24, 0x7A	; 122
    1230:	14 96       	adiw	r26, 0x04	; 4
    1232:	8c 93       	st	X, r24
            break;
    1234:	6b c1       	rjmp	.+726    	; 0x150c <OLED_GetCharPattern+0x53c>

        case 'H':
            pattern[0] = 0x7F;
    1236:	9f e7       	ldi	r25, 0x7F	; 127
    1238:	9c 93       	st	X, r25
            pattern[1] = 0x08;
    123a:	88 e0       	ldi	r24, 0x08	; 8
    123c:	11 96       	adiw	r26, 0x01	; 1
    123e:	8c 93       	st	X, r24
    1240:	11 97       	sbiw	r26, 0x01	; 1
            pattern[2] = 0x08;
    1242:	12 96       	adiw	r26, 0x02	; 2
    1244:	8c 93       	st	X, r24
    1246:	12 97       	sbiw	r26, 0x02	; 2
            pattern[3] = 0x08;
    1248:	13 96       	adiw	r26, 0x03	; 3
    124a:	8c 93       	st	X, r24
    124c:	13 97       	sbiw	r26, 0x03	; 3
            pattern[4] = 0x7F;
    124e:	14 96       	adiw	r26, 0x04	; 4
    1250:	9c 93       	st	X, r25
            break;
    1252:	5c c1       	rjmp	.+696    	; 0x150c <OLED_GetCharPattern+0x53c>

        case 'I':
            pattern[0] = 0x00;
    1254:	1c 92       	st	X, r1
            pattern[1] = 0x41;
    1256:	81 e4       	ldi	r24, 0x41	; 65
    1258:	11 96       	adiw	r26, 0x01	; 1
    125a:	8c 93       	st	X, r24
    125c:	11 97       	sbiw	r26, 0x01	; 1
            pattern[2] = 0x7F;
    125e:	9f e7       	ldi	r25, 0x7F	; 127
    1260:	12 96       	adiw	r26, 0x02	; 2
    1262:	9c 93       	st	X, r25
    1264:	12 97       	sbiw	r26, 0x02	; 2
            pattern[3] = 0x41;
    1266:	13 96       	adiw	r26, 0x03	; 3
    1268:	8c 93       	st	X, r24
    126a:	13 97       	sbiw	r26, 0x03	; 3
            pattern[4] = 0x00;
    126c:	14 96       	adiw	r26, 0x04	; 4
    126e:	1c 92       	st	X, r1
            break;
    1270:	4d c1       	rjmp	.+666    	; 0x150c <OLED_GetCharPattern+0x53c>

        case 'J':
            pattern[0] = 0x20;
    1272:	80 e2       	ldi	r24, 0x20	; 32
    1274:	8c 93       	st	X, r24
            pattern[1] = 0x40;
    1276:	80 e4       	ldi	r24, 0x40	; 64
    1278:	11 96       	adiw	r26, 0x01	; 1
    127a:	8c 93       	st	X, r24
    127c:	11 97       	sbiw	r26, 0x01	; 1
            pattern[2] = 0x41;
    127e:	81 e4       	ldi	r24, 0x41	; 65
    1280:	12 96       	adiw	r26, 0x02	; 2
    1282:	8c 93       	st	X, r24
    1284:	12 97       	sbiw	r26, 0x02	; 2
            pattern[3] = 0x3F;
    1286:	8f e3       	ldi	r24, 0x3F	; 63
    1288:	13 96       	adiw	r26, 0x03	; 3
    128a:	8c 93       	st	X, r24
    128c:	13 97       	sbiw	r26, 0x03	; 3
            pattern[4] = 0x01;
    128e:	81 e0       	ldi	r24, 0x01	; 1
    1290:	14 96       	adiw	r26, 0x04	; 4
    1292:	8c 93       	st	X, r24
            break;
    1294:	3b c1       	rjmp	.+630    	; 0x150c <OLED_GetCharPattern+0x53c>

        case 'K':
            pattern[0] = 0x7F;
    1296:	8f e7       	ldi	r24, 0x7F	; 127
    1298:	8c 93       	st	X, r24
            pattern[1] = 0x08;
    129a:	88 e0       	ldi	r24, 0x08	; 8
    129c:	11 96       	adiw	r26, 0x01	; 1
    129e:	8c 93       	st	X, r24
    12a0:	11 97       	sbiw	r26, 0x01	; 1
            pattern[2] = 0x14;
    12a2:	84 e1       	ldi	r24, 0x14	; 20
    12a4:	12 96       	adiw	r26, 0x02	; 2
    12a6:	8c 93       	st	X, r24
    12a8:	12 97       	sbiw	r26, 0x02	; 2
            pattern[3] = 0x22;
    12aa:	82 e2       	ldi	r24, 0x22	; 34
    12ac:	13 96       	adiw	r26, 0x03	; 3
    12ae:	8c 93       	st	X, r24
    12b0:	13 97       	sbiw	r26, 0x03	; 3
            pattern[4] = 0x41;
    12b2:	81 e4       	ldi	r24, 0x41	; 65
    12b4:	14 96       	adiw	r26, 0x04	; 4
    12b6:	8c 93       	st	X, r24
            break;
    12b8:	29 c1       	rjmp	.+594    	; 0x150c <OLED_GetCharPattern+0x53c>

        case 'L':
            pattern[0] = 0x7F;
    12ba:	8f e7       	ldi	r24, 0x7F	; 127
    12bc:	8c 93       	st	X, r24
            pattern[1] = 0x40;
    12be:	80 e4       	ldi	r24, 0x40	; 64
    12c0:	11 96       	adiw	r26, 0x01	; 1
    12c2:	8c 93       	st	X, r24
    12c4:	11 97       	sbiw	r26, 0x01	; 1
            pattern[2] = 0x40;
    12c6:	12 96       	adiw	r26, 0x02	; 2
    12c8:	8c 93       	st	X, r24
    12ca:	12 97       	sbiw	r26, 0x02	; 2
            pattern[3] = 0x40;
    12cc:	13 96       	adiw	r26, 0x03	; 3
    12ce:	8c 93       	st	X, r24
    12d0:	13 97       	sbiw	r26, 0x03	; 3
            pattern[4] = 0x40;
    12d2:	14 96       	adiw	r26, 0x04	; 4
    12d4:	8c 93       	st	X, r24
            break;
    12d6:	1a c1       	rjmp	.+564    	; 0x150c <OLED_GetCharPattern+0x53c>

        case 'M':
            pattern[0] = 0x7F;
    12d8:	8f e7       	ldi	r24, 0x7F	; 127
    12da:	8c 93       	st	X, r24
            pattern[1] = 0x02;
    12dc:	92 e0       	ldi	r25, 0x02	; 2
    12de:	11 96       	adiw	r26, 0x01	; 1
    12e0:	9c 93       	st	X, r25
    12e2:	11 97       	sbiw	r26, 0x01	; 1
            pattern[2] = 0x0C;
    12e4:	2c e0       	ldi	r18, 0x0C	; 12
    12e6:	12 96       	adiw	r26, 0x02	; 2
    12e8:	2c 93       	st	X, r18
    12ea:	12 97       	sbiw	r26, 0x02	; 2
            pattern[3] = 0x02;
    12ec:	13 96       	adiw	r26, 0x03	; 3
    12ee:	9c 93       	st	X, r25
    12f0:	13 97       	sbiw	r26, 0x03	; 3
            pattern[4] = 0x7F;
    12f2:	14 96       	adiw	r26, 0x04	; 4
    12f4:	8c 93       	st	X, r24
            break;
    12f6:	0a c1       	rjmp	.+532    	; 0x150c <OLED_GetCharPattern+0x53c>

        case 'N':
            pattern[0] = 0x7F;
    12f8:	8f e7       	ldi	r24, 0x7F	; 127
    12fa:	8c 93       	st	X, r24
            pattern[1] = 0x04;
    12fc:	94 e0       	ldi	r25, 0x04	; 4
    12fe:	11 96       	adiw	r26, 0x01	; 1
    1300:	9c 93       	st	X, r25
    1302:	11 97       	sbiw	r26, 0x01	; 1
            pattern[2] = 0x08;
    1304:	98 e0       	ldi	r25, 0x08	; 8
    1306:	12 96       	adiw	r26, 0x02	; 2
    1308:	9c 93       	st	X, r25
    130a:	12 97       	sbiw	r26, 0x02	; 2
            pattern[3] = 0x10;
    130c:	90 e1       	ldi	r25, 0x10	; 16
    130e:	13 96       	adiw	r26, 0x03	; 3
    1310:	9c 93       	st	X, r25
    1312:	13 97       	sbiw	r26, 0x03	; 3
            pattern[4] = 0x7F;
    1314:	14 96       	adiw	r26, 0x04	; 4
    1316:	8c 93       	st	X, r24
            break;
    1318:	f9 c0       	rjmp	.+498    	; 0x150c <OLED_GetCharPattern+0x53c>

        case 'O':
            pattern[0] = 0x3E;
    131a:	9e e3       	ldi	r25, 0x3E	; 62
    131c:	9c 93       	st	X, r25
            pattern[1] = 0x41;
    131e:	81 e4       	ldi	r24, 0x41	; 65
    1320:	11 96       	adiw	r26, 0x01	; 1
    1322:	8c 93       	st	X, r24
    1324:	11 97       	sbiw	r26, 0x01	; 1
            pattern[2] = 0x41;
    1326:	12 96       	adiw	r26, 0x02	; 2
    1328:	8c 93       	st	X, r24
    132a:	12 97       	sbiw	r26, 0x02	; 2
            pattern[3] = 0x41;
    132c:	13 96       	adiw	r26, 0x03	; 3
    132e:	8c 93       	st	X, r24
    1330:	13 97       	sbiw	r26, 0x03	; 3
            pattern[4] = 0x3E;
    1332:	14 96       	adiw	r26, 0x04	; 4
    1334:	9c 93       	st	X, r25
            break;
    1336:	ea c0       	rjmp	.+468    	; 0x150c <OLED_GetCharPattern+0x53c>

        case 'P':
            pattern[0] = 0x7F;
    1338:	8f e7       	ldi	r24, 0x7F	; 127
    133a:	8c 93       	st	X, r24
            pattern[1] = 0x09;
    133c:	89 e0       	ldi	r24, 0x09	; 9
    133e:	11 96       	adiw	r26, 0x01	; 1
    1340:	8c 93       	st	X, r24
    1342:	11 97       	sbiw	r26, 0x01	; 1
            pattern[2] = 0x09;
    1344:	12 96       	adiw	r26, 0x02	; 2
    1346:	8c 93       	st	X, r24
    1348:	12 97       	sbiw	r26, 0x02	; 2
            pattern[3] = 0x09;
    134a:	13 96       	adiw	r26, 0x03	; 3
    134c:	8c 93       	st	X, r24
    134e:	13 97       	sbiw	r26, 0x03	; 3
            pattern[4] = 0x06;
    1350:	86 e0       	ldi	r24, 0x06	; 6
    1352:	14 96       	adiw	r26, 0x04	; 4
    1354:	8c 93       	st	X, r24
            break;
    1356:	da c0       	rjmp	.+436    	; 0x150c <OLED_GetCharPattern+0x53c>

        case 'Q':
            pattern[0] = 0x3E;
    1358:	8e e3       	ldi	r24, 0x3E	; 62
    135a:	8c 93       	st	X, r24
            pattern[1] = 0x41;
    135c:	81 e4       	ldi	r24, 0x41	; 65
    135e:	11 96       	adiw	r26, 0x01	; 1
    1360:	8c 93       	st	X, r24
    1362:	11 97       	sbiw	r26, 0x01	; 1
            pattern[2] = 0x51;
    1364:	81 e5       	ldi	r24, 0x51	; 81
    1366:	12 96       	adiw	r26, 0x02	; 2
    1368:	8c 93       	st	X, r24
    136a:	12 97       	sbiw	r26, 0x02	; 2
            pattern[3] = 0x21;
    136c:	81 e2       	ldi	r24, 0x21	; 33
    136e:	13 96       	adiw	r26, 0x03	; 3
    1370:	8c 93       	st	X, r24
    1372:	13 97       	sbiw	r26, 0x03	; 3
            pattern[4] = 0x5E;
    1374:	8e e5       	ldi	r24, 0x5E	; 94
    1376:	14 96       	adiw	r26, 0x04	; 4
    1378:	8c 93       	st	X, r24
            break;
    137a:	c8 c0       	rjmp	.+400    	; 0x150c <OLED_GetCharPattern+0x53c>

        case 'R':
            pattern[0] = 0x7F;
    137c:	8f e7       	ldi	r24, 0x7F	; 127
    137e:	8c 93       	st	X, r24
            pattern[1] = 0x09;
    1380:	89 e0       	ldi	r24, 0x09	; 9
    1382:	11 96       	adiw	r26, 0x01	; 1
    1384:	8c 93       	st	X, r24
    1386:	11 97       	sbiw	r26, 0x01	; 1
            pattern[2] = 0x19;
    1388:	89 e1       	ldi	r24, 0x19	; 25
    138a:	12 96       	adiw	r26, 0x02	; 2
    138c:	8c 93       	st	X, r24
    138e:	12 97       	sbiw	r26, 0x02	; 2
            pattern[3] = 0x29;
    1390:	89 e2       	ldi	r24, 0x29	; 41
    1392:	13 96       	adiw	r26, 0x03	; 3
    1394:	8c 93       	st	X, r24
    1396:	13 97       	sbiw	r26, 0x03	; 3
            pattern[4] = 0x46;
    1398:	86 e4       	ldi	r24, 0x46	; 70
    139a:	14 96       	adiw	r26, 0x04	; 4
    139c:	8c 93       	st	X, r24
            break;
    139e:	b6 c0       	rjmp	.+364    	; 0x150c <OLED_GetCharPattern+0x53c>

        case 'S':
            pattern[0] = 0x46;
    13a0:	86 e4       	ldi	r24, 0x46	; 70
    13a2:	8c 93       	st	X, r24
            pattern[1] = 0x49;
    13a4:	89 e4       	ldi	r24, 0x49	; 73
    13a6:	11 96       	adiw	r26, 0x01	; 1
    13a8:	8c 93       	st	X, r24
    13aa:	11 97       	sbiw	r26, 0x01	; 1
            pattern[2] = 0x49;
    13ac:	12 96       	adiw	r26, 0x02	; 2
    13ae:	8c 93       	st	X, r24
    13b0:	12 97       	sbiw	r26, 0x02	; 2
            pattern[3] = 0x49;
    13b2:	13 96       	adiw	r26, 0x03	; 3
    13b4:	8c 93       	st	X, r24
    13b6:	13 97       	sbiw	r26, 0x03	; 3
            pattern[4] = 0x31;
    13b8:	81 e3       	ldi	r24, 0x31	; 49
    13ba:	14 96       	adiw	r26, 0x04	; 4
    13bc:	8c 93       	st	X, r24
            break;
    13be:	a6 c0       	rjmp	.+332    	; 0x150c <OLED_GetCharPattern+0x53c>

        case 'T':
            pattern[0] = 0x01;
    13c0:	81 e0       	ldi	r24, 0x01	; 1
    13c2:	8c 93       	st	X, r24
            pattern[1] = 0x01;
    13c4:	11 96       	adiw	r26, 0x01	; 1
    13c6:	8c 93       	st	X, r24
    13c8:	11 97       	sbiw	r26, 0x01	; 1
            pattern[2] = 0x7F;
    13ca:	9f e7       	ldi	r25, 0x7F	; 127
    13cc:	12 96       	adiw	r26, 0x02	; 2
    13ce:	9c 93       	st	X, r25
    13d0:	12 97       	sbiw	r26, 0x02	; 2
            pattern[3] = 0x01;
    13d2:	13 96       	adiw	r26, 0x03	; 3
    13d4:	8c 93       	st	X, r24
    13d6:	13 97       	sbiw	r26, 0x03	; 3
            pattern[4] = 0x01;
    13d8:	14 96       	adiw	r26, 0x04	; 4
    13da:	8c 93       	st	X, r24
            break;
    13dc:	97 c0       	rjmp	.+302    	; 0x150c <OLED_GetCharPattern+0x53c>

        case 'U':
            pattern[0] = 0x3F;
    13de:	9f e3       	ldi	r25, 0x3F	; 63
    13e0:	9c 93       	st	X, r25
            pattern[1] = 0x40;
    13e2:	80 e4       	ldi	r24, 0x40	; 64
    13e4:	11 96       	adiw	r26, 0x01	; 1
    13e6:	8c 93       	st	X, r24
    13e8:	11 97       	sbiw	r26, 0x01	; 1
            pattern[2] = 0x40;
    13ea:	12 96       	adiw	r26, 0x02	; 2
    13ec:	8c 93       	st	X, r24
    13ee:	12 97       	sbiw	r26, 0x02	; 2
            pattern[3] = 0x40;
    13f0:	13 96       	adiw	r26, 0x03	; 3
    13f2:	8c 93       	st	X, r24
    13f4:	13 97       	sbiw	r26, 0x03	; 3
            pattern[4] = 0x3F;
    13f6:	14 96       	adiw	r26, 0x04	; 4
    13f8:	9c 93       	st	X, r25
            break;
    13fa:	88 c0       	rjmp	.+272    	; 0x150c <OLED_GetCharPattern+0x53c>

        case 'V':
            pattern[0] = 0x1F;
    13fc:	8f e1       	ldi	r24, 0x1F	; 31
    13fe:	8c 93       	st	X, r24
            pattern[1] = 0x20;
    1400:	90 e2       	ldi	r25, 0x20	; 32
    1402:	11 96       	adiw	r26, 0x01	; 1
    1404:	9c 93       	st	X, r25
    1406:	11 97       	sbiw	r26, 0x01	; 1
            pattern[2] = 0x40;
    1408:	20 e4       	ldi	r18, 0x40	; 64
    140a:	12 96       	adiw	r26, 0x02	; 2
    140c:	2c 93       	st	X, r18
    140e:	12 97       	sbiw	r26, 0x02	; 2
            pattern[3] = 0x20;
    1410:	13 96       	adiw	r26, 0x03	; 3
    1412:	9c 93       	st	X, r25
    1414:	13 97       	sbiw	r26, 0x03	; 3
            pattern[4] = 0x1F;
    1416:	14 96       	adiw	r26, 0x04	; 4
    1418:	8c 93       	st	X, r24
            break;
    141a:	78 c0       	rjmp	.+240    	; 0x150c <OLED_GetCharPattern+0x53c>

        case 'W':
            pattern[0] = 0x7F;
    141c:	8f e7       	ldi	r24, 0x7F	; 127
    141e:	8c 93       	st	X, r24
            pattern[1] = 0x20;
    1420:	90 e2       	ldi	r25, 0x20	; 32
    1422:	11 96       	adiw	r26, 0x01	; 1
    1424:	9c 93       	st	X, r25
    1426:	11 97       	sbiw	r26, 0x01	; 1
            pattern[2] = 0x18;
    1428:	28 e1       	ldi	r18, 0x18	; 24
    142a:	12 96       	adiw	r26, 0x02	; 2
    142c:	2c 93       	st	X, r18
    142e:	12 97       	sbiw	r26, 0x02	; 2
            pattern[3] = 0x20;
    1430:	13 96       	adiw	r26, 0x03	; 3
    1432:	9c 93       	st	X, r25
    1434:	13 97       	sbiw	r26, 0x03	; 3
            pattern[4] = 0x7F;
    1436:	14 96       	adiw	r26, 0x04	; 4
    1438:	8c 93       	st	X, r24
            break;
    143a:	68 c0       	rjmp	.+208    	; 0x150c <OLED_GetCharPattern+0x53c>

        case 'X':
            pattern[0] = 0x63;
    143c:	83 e6       	ldi	r24, 0x63	; 99
    143e:	8c 93       	st	X, r24
            pattern[1] = 0x14;
    1440:	94 e1       	ldi	r25, 0x14	; 20
    1442:	11 96       	adiw	r26, 0x01	; 1
    1444:	9c 93       	st	X, r25
    1446:	11 97       	sbiw	r26, 0x01	; 1
            pattern[2] = 0x08;
    1448:	28 e0       	ldi	r18, 0x08	; 8
    144a:	12 96       	adiw	r26, 0x02	; 2
    144c:	2c 93       	st	X, r18
    144e:	12 97       	sbiw	r26, 0x02	; 2
            pattern[3] = 0x14;
    1450:	13 96       	adiw	r26, 0x03	; 3
    1452:	9c 93       	st	X, r25
    1454:	13 97       	sbiw	r26, 0x03	; 3
            pattern[4] = 0x63;
    1456:	14 96       	adiw	r26, 0x04	; 4
    1458:	8c 93       	st	X, r24
            break;
    145a:	58 c0       	rjmp	.+176    	; 0x150c <OLED_GetCharPattern+0x53c>

        case 'Y':
            pattern[0] = 0x07;
    145c:	87 e0       	ldi	r24, 0x07	; 7
    145e:	8c 93       	st	X, r24
            pattern[1] = 0x08;
    1460:	98 e0       	ldi	r25, 0x08	; 8
    1462:	11 96       	adiw	r26, 0x01	; 1
    1464:	9c 93       	st	X, r25
    1466:	11 97       	sbiw	r26, 0x01	; 1
            pattern[2] = 0x70;
    1468:	20 e7       	ldi	r18, 0x70	; 112
    146a:	12 96       	adiw	r26, 0x02	; 2
    146c:	2c 93       	st	X, r18
    146e:	12 97       	sbiw	r26, 0x02	; 2
            pattern[3] = 0x08;
    1470:	13 96       	adiw	r26, 0x03	; 3
    1472:	9c 93       	st	X, r25
    1474:	13 97       	sbiw	r26, 0x03	; 3
            pattern[4] = 0x07;
    1476:	14 96       	adiw	r26, 0x04	; 4
    1478:	8c 93       	st	X, r24
            break;
    147a:	48 c0       	rjmp	.+144    	; 0x150c <OLED_GetCharPattern+0x53c>

        case 'Z':
            pattern[0] = 0x61;
    147c:	81 e6       	ldi	r24, 0x61	; 97
    147e:	8c 93       	st	X, r24
            pattern[1] = 0x51;
    1480:	81 e5       	ldi	r24, 0x51	; 81
    1482:	11 96       	adiw	r26, 0x01	; 1
    1484:	8c 93       	st	X, r24
    1486:	11 97       	sbiw	r26, 0x01	; 1
            pattern[2] = 0x49;
    1488:	89 e4       	ldi	r24, 0x49	; 73
    148a:	12 96       	adiw	r26, 0x02	; 2
    148c:	8c 93       	st	X, r24
    148e:	12 97       	sbiw	r26, 0x02	; 2
            pattern[3] = 0x45;
    1490:	85 e4       	ldi	r24, 0x45	; 69
    1492:	13 96       	adiw	r26, 0x03	; 3
    1494:	8c 93       	st	X, r24
    1496:	13 97       	sbiw	r26, 0x03	; 3
            pattern[4] = 0x43;
    1498:	83 e4       	ldi	r24, 0x43	; 67
    149a:	14 96       	adiw	r26, 0x04	; 4
    149c:	8c 93       	st	X, r24
            break;
    149e:	36 c0       	rjmp	.+108    	; 0x150c <OLED_GetCharPattern+0x53c>


        /* Symbols */

        case ':':
            pattern[0] = 0x00;
    14a0:	1c 92       	st	X, r1
            pattern[1] = 0x36;
    14a2:	86 e3       	ldi	r24, 0x36	; 54
    14a4:	11 96       	adiw	r26, 0x01	; 1
    14a6:	8c 93       	st	X, r24
    14a8:	11 97       	sbiw	r26, 0x01	; 1
            pattern[2] = 0x36;
    14aa:	12 96       	adiw	r26, 0x02	; 2
    14ac:	8c 93       	st	X, r24
    14ae:	12 97       	sbiw	r26, 0x02	; 2
            pattern[3] = 0x00;
    14b0:	13 96       	adiw	r26, 0x03	; 3
    14b2:	1c 92       	st	X, r1
    14b4:	13 97       	sbiw	r26, 0x03	; 3
            pattern[4] = 0x00;
    14b6:	14 96       	adiw	r26, 0x04	; 4
    14b8:	1c 92       	st	X, r1
            break;
    14ba:	28 c0       	rjmp	.+80     	; 0x150c <OLED_GetCharPattern+0x53c>

        case '-':
            pattern[0] = 0x08;
    14bc:	88 e0       	ldi	r24, 0x08	; 8
    14be:	8c 93       	st	X, r24
            pattern[1] = 0x08;
    14c0:	11 96       	adiw	r26, 0x01	; 1
    14c2:	8c 93       	st	X, r24
    14c4:	11 97       	sbiw	r26, 0x01	; 1
            pattern[2] = 0x08;
    14c6:	12 96       	adiw	r26, 0x02	; 2
    14c8:	8c 93       	st	X, r24
    14ca:	12 97       	sbiw	r26, 0x02	; 2
            pattern[3] = 0x08;
    14cc:	13 96       	adiw	r26, 0x03	; 3
    14ce:	8c 93       	st	X, r24
    14d0:	13 97       	sbiw	r26, 0x03	; 3
            pattern[4] = 0x08;
    14d2:	14 96       	adiw	r26, 0x04	; 4
    14d4:	8c 93       	st	X, r24
            break;
    14d6:	1a c0       	rjmp	.+52     	; 0x150c <OLED_GetCharPattern+0x53c>

        case '.':
            pattern[0] = 0x00;
    14d8:	1c 92       	st	X, r1
            pattern[1] = 0x60;
    14da:	80 e6       	ldi	r24, 0x60	; 96
    14dc:	11 96       	adiw	r26, 0x01	; 1
    14de:	8c 93       	st	X, r24
    14e0:	11 97       	sbiw	r26, 0x01	; 1
            pattern[2] = 0x60;
    14e2:	12 96       	adiw	r26, 0x02	; 2
    14e4:	8c 93       	st	X, r24
    14e6:	12 97       	sbiw	r26, 0x02	; 2
            pattern[3] = 0x00;
    14e8:	13 96       	adiw	r26, 0x03	; 3
    14ea:	1c 92       	st	X, r1
    14ec:	13 97       	sbiw	r26, 0x03	; 3
            pattern[4] = 0x00;
    14ee:	14 96       	adiw	r26, 0x04	; 4
    14f0:	1c 92       	st	X, r1
            break;
    14f2:	0c c0       	rjmp	.+24     	; 0x150c <OLED_GetCharPattern+0x53c>

        case ' ':
        default:
            pattern[0] = 0x00;
    14f4:	1c 92       	st	X, r1
            pattern[1] = 0x00;
    14f6:	11 96       	adiw	r26, 0x01	; 1
    14f8:	1c 92       	st	X, r1
    14fa:	11 97       	sbiw	r26, 0x01	; 1
            pattern[2] = 0x00;
    14fc:	12 96       	adiw	r26, 0x02	; 2
    14fe:	1c 92       	st	X, r1
    1500:	12 97       	sbiw	r26, 0x02	; 2
            pattern[3] = 0x00;
    1502:	13 96       	adiw	r26, 0x03	; 3
    1504:	1c 92       	st	X, r1
    1506:	13 97       	sbiw	r26, 0x03	; 3
            pattern[4] = 0x00;
    1508:	14 96       	adiw	r26, 0x04	; 4
    150a:	1c 92       	st	X, r1
            break;
    }
}
    150c:	df 91       	pop	r29
    150e:	cf 91       	pop	r28
    1510:	08 95       	ret

00001512 <OLED_WriteCommand>:
/* =========================================================
   Private Functions
   ========================================================= */

static void OLED_WriteCommand(u8 command)
{
    1512:	cf 93       	push	r28
    1514:	c8 2f       	mov	r28, r24
    I2C_Start((OLED_ADDRESS << 1) | 0);
    1516:	88 e7       	ldi	r24, 0x78	; 120
    1518:	0e 94 67 01 	call	0x2ce	; 0x2ce <I2C_Start>

    I2C_Write(OLED_CMD_MODE);
    151c:	80 e0       	ldi	r24, 0x00	; 0
    151e:	0e 94 87 01 	call	0x30e	; 0x30e <I2C_Write>
    I2C_Write(command);
    1522:	8c 2f       	mov	r24, r28
    1524:	0e 94 87 01 	call	0x30e	; 0x30e <I2C_Write>

    I2C_Stop();
    1528:	0e 94 ad 01 	call	0x35a	; 0x35a <I2C_Stop>
}
    152c:	cf 91       	pop	r28
    152e:	08 95       	ret

00001530 <OLED_WriteData>:


static void OLED_WriteData(u8 data)
{
    1530:	cf 93       	push	r28
    1532:	c8 2f       	mov	r28, r24
    I2C_Start((OLED_ADDRESS << 1) | 0);
    1534:	88 e7       	ldi	r24, 0x78	; 120
    1536:	0e 94 67 01 	call	0x2ce	; 0x2ce <I2C_Start>

    I2C_Write(OLED_DATA_MODE);
    153a:	80 e4       	ldi	r24, 0x40	; 64
    153c:	0e 94 87 01 	call	0x30e	; 0x30e <I2C_Write>
    I2C_Write(data);
    1540:	8c 2f       	mov	r24, r28
    1542:	0e 94 87 01 	call	0x30e	; 0x30e <I2C_Write>

    I2C_Stop();
    1546:	0e 94 ad 01 	call	0x35a	; 0x35a <I2C_Stop>
}
    154a:	cf 91       	pop	r28
    154c:	08 95       	ret

0000154e <OLED_SetCursor>:
   row = 0..7
   col = 0..20
   ========================================================= */

void OLED_SetCursor(u8 row, u8 col)
{
    154e:	cf 93       	push	r28
    u8 x;

    x = col * 6;
    1550:	96 2f       	mov	r25, r22
    1552:	99 0f       	add	r25, r25
    1554:	69 0f       	add	r22, r25
    1556:	c6 2f       	mov	r28, r22
    1558:	cc 0f       	add	r28, r28

    OLED_WriteCommand(0xB0 + row);
    155a:	80 55       	subi	r24, 0x50	; 80
    155c:	0e 94 89 0a 	call	0x1512	; 0x1512 <OLED_WriteCommand>

    OLED_WriteCommand(0x00 | (x & 0x0F));
    1560:	8c 2f       	mov	r24, r28
    1562:	8e 70       	andi	r24, 0x0E	; 14
    1564:	0e 94 89 0a 	call	0x1512	; 0x1512 <OLED_WriteCommand>
    OLED_WriteCommand(0x10 | ((x >> 4) & 0x0F));
    1568:	8c 2f       	mov	r24, r28
    156a:	82 95       	swap	r24
    156c:	8f 70       	andi	r24, 0x0F	; 15
    156e:	80 61       	ori	r24, 0x10	; 16
    1570:	0e 94 89 0a 	call	0x1512	; 0x1512 <OLED_WriteCommand>
}
    1574:	cf 91       	pop	r28
    1576:	08 95       	ret

00001578 <OLED_WriteChar>:
/* =========================================================
   Write Character
   ========================================================= */

void OLED_WriteChar(u8 data)
{
    1578:	1f 93       	push	r17
    157a:	cf 93       	push	r28
    157c:	df 93       	push	r29
    157e:	00 d0       	rcall	.+0      	; 0x1580 <OLED_WriteChar+0x8>
    1580:	00 d0       	rcall	.+0      	; 0x1582 <OLED_WriteChar+0xa>
    1582:	1f 92       	push	r1
    1584:	cd b7       	in	r28, 0x3d	; 61
    1586:	de b7       	in	r29, 0x3e	; 62
    u8 pattern[5];
    u8 i;

    OLED_GetCharPattern((char)data, pattern);
    1588:	be 01       	movw	r22, r28
    158a:	6f 5f       	subi	r22, 0xFF	; 255
    158c:	7f 4f       	sbci	r23, 0xFF	; 255
    158e:	0e 94 e8 07 	call	0xfd0	; 0xfd0 <OLED_GetCharPattern>

    for(i = 0; i < 5; i++)
    1592:	10 e0       	ldi	r17, 0x00	; 0
    1594:	0a c0       	rjmp	.+20     	; 0x15aa <OLED_WriteChar+0x32>
    {
        OLED_WriteData(pattern[i]);
    1596:	e1 e0       	ldi	r30, 0x01	; 1
    1598:	f0 e0       	ldi	r31, 0x00	; 0
    159a:	ec 0f       	add	r30, r28
    159c:	fd 1f       	adc	r31, r29
    159e:	e1 0f       	add	r30, r17
    15a0:	f1 1d       	adc	r31, r1
    15a2:	80 81       	ld	r24, Z
    15a4:	0e 94 98 0a 	call	0x1530	; 0x1530 <OLED_WriteData>
    u8 pattern[5];
    u8 i;

    OLED_GetCharPattern((char)data, pattern);

    for(i = 0; i < 5; i++)
    15a8:	1f 5f       	subi	r17, 0xFF	; 255
    15aa:	15 30       	cpi	r17, 0x05	; 5
    15ac:	a0 f3       	brcs	.-24     	; 0x1596 <OLED_WriteChar+0x1e>
    {
        OLED_WriteData(pattern[i]);
    }

    /* Space between characters */
    OLED_WriteData(0x00);
    15ae:	80 e0       	ldi	r24, 0x00	; 0
    15b0:	0e 94 98 0a 	call	0x1530	; 0x1530 <OLED_WriteData>
}
    15b4:	0f 90       	pop	r0
    15b6:	0f 90       	pop	r0
    15b8:	0f 90       	pop	r0
    15ba:	0f 90       	pop	r0
    15bc:	0f 90       	pop	r0
    15be:	df 91       	pop	r29
    15c0:	cf 91       	pop	r28
    15c2:	1f 91       	pop	r17
    15c4:	08 95       	ret

000015c6 <OLED_WriteString>:
/* =========================================================
   Write String
   ========================================================= */

void OLED_WriteString(const char *str)
{
    15c6:	cf 93       	push	r28
    15c8:	df 93       	push	r29
    15ca:	ec 01       	movw	r28, r24
    while(*str != '\0')
    15cc:	03 c0       	rjmp	.+6      	; 0x15d4 <OLED_WriteString+0xe>
    {
        OLED_WriteChar(*str);
    15ce:	0e 94 bc 0a 	call	0x1578	; 0x1578 <OLED_WriteChar>
        str++;
    15d2:	21 96       	adiw	r28, 0x01	; 1
   Write String
   ========================================================= */

void OLED_WriteString(const char *str)
{
    while(*str != '\0')
    15d4:	88 81       	ld	r24, Y
    15d6:	81 11       	cpse	r24, r1
    15d8:	fa cf       	rjmp	.-12     	; 0x15ce <OLED_WriteString+0x8>
    {
        OLED_WriteChar(*str);
        str++;
    }
}
    15da:	df 91       	pop	r29
    15dc:	cf 91       	pop	r28
    15de:	08 95       	ret

000015e0 <OLED_Clear>:
/* =========================================================
   Clear OLED
   ========================================================= */

void OLED_Clear(void)
{
    15e0:	cf 93       	push	r28
    15e2:	df 93       	push	r29
    u8 page;
    u8 column;

    for(page = 0; page < 8; page++)
    15e4:	d0 e0       	ldi	r29, 0x00	; 0
    15e6:	13 c0       	rjmp	.+38     	; 0x160e <OLED_Clear+0x2e>
    {
        OLED_WriteCommand(0xB0 + page);
    15e8:	80 eb       	ldi	r24, 0xB0	; 176
    15ea:	8d 0f       	add	r24, r29
    15ec:	0e 94 89 0a 	call	0x1512	; 0x1512 <OLED_WriteCommand>

        OLED_WriteCommand(0x00);
    15f0:	80 e0       	ldi	r24, 0x00	; 0
    15f2:	0e 94 89 0a 	call	0x1512	; 0x1512 <OLED_WriteCommand>
        OLED_WriteCommand(0x10);
    15f6:	80 e1       	ldi	r24, 0x10	; 16
    15f8:	0e 94 89 0a 	call	0x1512	; 0x1512 <OLED_WriteCommand>

        for(column = 0; column < 128; column++)
    15fc:	c0 e0       	ldi	r28, 0x00	; 0
    15fe:	04 c0       	rjmp	.+8      	; 0x1608 <OLED_Clear+0x28>
        {
            OLED_WriteData(0x00);
    1600:	80 e0       	ldi	r24, 0x00	; 0
    1602:	0e 94 98 0a 	call	0x1530	; 0x1530 <OLED_WriteData>
        OLED_WriteCommand(0xB0 + page);

        OLED_WriteCommand(0x00);
        OLED_WriteCommand(0x10);

        for(column = 0; column < 128; column++)
    1606:	cf 5f       	subi	r28, 0xFF	; 255
    1608:	cc 23       	and	r28, r28
    160a:	d4 f7       	brge	.-12     	; 0x1600 <OLED_Clear+0x20>
void OLED_Clear(void)
{
    u8 page;
    u8 column;

    for(page = 0; page < 8; page++)
    160c:	df 5f       	subi	r29, 0xFF	; 255
    160e:	d8 30       	cpi	r29, 0x08	; 8
    1610:	58 f3       	brcs	.-42     	; 0x15e8 <OLED_Clear+0x8>
        for(column = 0; column < 128; column++)
        {
            OLED_WriteData(0x00);
        }
    }
}
    1612:	df 91       	pop	r29
    1614:	cf 91       	pop	r28
    1616:	08 95       	ret

00001618 <OLED_Init>:
    1618:	2f ef       	ldi	r18, 0xFF	; 255
    161a:	81 ee       	ldi	r24, 0xE1	; 225
    161c:	94 e0       	ldi	r25, 0x04	; 4
    161e:	21 50       	subi	r18, 0x01	; 1
    1620:	80 40       	sbci	r24, 0x00	; 0
    1622:	90 40       	sbci	r25, 0x00	; 0
    1624:	e1 f7       	brne	.-8      	; 0x161e <OLED_Init+0x6>
    1626:	00 c0       	rjmp	.+0      	; 0x1628 <OLED_Init+0x10>
    1628:	00 00       	nop

void OLED_Init(void)
{
    _delay_ms(100);

    OLED_WriteCommand(0xAE); /* Display OFF */
    162a:	8e ea       	ldi	r24, 0xAE	; 174
    162c:	0e 94 89 0a 	call	0x1512	; 0x1512 <OLED_WriteCommand>

    OLED_WriteCommand(0xD5);
    1630:	85 ed       	ldi	r24, 0xD5	; 213
    1632:	0e 94 89 0a 	call	0x1512	; 0x1512 <OLED_WriteCommand>
    OLED_WriteCommand(0x80);
    1636:	80 e8       	ldi	r24, 0x80	; 128
    1638:	0e 94 89 0a 	call	0x1512	; 0x1512 <OLED_WriteCommand>

    OLED_WriteCommand(0xA8);
    163c:	88 ea       	ldi	r24, 0xA8	; 168
    163e:	0e 94 89 0a 	call	0x1512	; 0x1512 <OLED_WriteCommand>
    OLED_WriteCommand(0x3F);
    1642:	8f e3       	ldi	r24, 0x3F	; 63
    1644:	0e 94 89 0a 	call	0x1512	; 0x1512 <OLED_WriteCommand>

    OLED_WriteCommand(0xD3);
    1648:	83 ed       	ldi	r24, 0xD3	; 211
    164a:	0e 94 89 0a 	call	0x1512	; 0x1512 <OLED_WriteCommand>
    OLED_WriteCommand(0x00);
    164e:	80 e0       	ldi	r24, 0x00	; 0
    1650:	0e 94 89 0a 	call	0x1512	; 0x1512 <OLED_WriteCommand>

    OLED_WriteCommand(0x40);
    1654:	80 e4       	ldi	r24, 0x40	; 64
    1656:	0e 94 89 0a 	call	0x1512	; 0x1512 <OLED_WriteCommand>

    OLED_WriteCommand(0x8D);
    165a:	8d e8       	ldi	r24, 0x8D	; 141
    165c:	0e 94 89 0a 	call	0x1512	; 0x1512 <OLED_WriteCommand>
    OLED_WriteCommand(0x14);
    1660:	84 e1       	ldi	r24, 0x14	; 20
    1662:	0e 94 89 0a 	call	0x1512	; 0x1512 <OLED_WriteCommand>

    OLED_WriteCommand(0x20);
    1666:	80 e2       	ldi	r24, 0x20	; 32
    1668:	0e 94 89 0a 	call	0x1512	; 0x1512 <OLED_WriteCommand>
    OLED_WriteCommand(0x00);
    166c:	80 e0       	ldi	r24, 0x00	; 0
    166e:	0e 94 89 0a 	call	0x1512	; 0x1512 <OLED_WriteCommand>

    OLED_WriteCommand(0xA1);
    1672:	81 ea       	ldi	r24, 0xA1	; 161
    1674:	0e 94 89 0a 	call	0x1512	; 0x1512 <OLED_WriteCommand>

    OLED_WriteCommand(0xC8);
    1678:	88 ec       	ldi	r24, 0xC8	; 200
    167a:	0e 94 89 0a 	call	0x1512	; 0x1512 <OLED_WriteCommand>

    OLED_WriteCommand(0xDA);
    167e:	8a ed       	ldi	r24, 0xDA	; 218
    1680:	0e 94 89 0a 	call	0x1512	; 0x1512 <OLED_WriteCommand>
    OLED_WriteCommand(0x12);
    1684:	82 e1       	ldi	r24, 0x12	; 18
    1686:	0e 94 89 0a 	call	0x1512	; 0x1512 <OLED_WriteCommand>

    OLED_WriteCommand(0x81);
    168a:	81 e8       	ldi	r24, 0x81	; 129
    168c:	0e 94 89 0a 	call	0x1512	; 0x1512 <OLED_WriteCommand>
    OLED_WriteCommand(0x7F);
    1690:	8f e7       	ldi	r24, 0x7F	; 127
    1692:	0e 94 89 0a 	call	0x1512	; 0x1512 <OLED_WriteCommand>

    OLED_WriteCommand(0xD9);
    1696:	89 ed       	ldi	r24, 0xD9	; 217
    1698:	0e 94 89 0a 	call	0x1512	; 0x1512 <OLED_WriteCommand>
    OLED_WriteCommand(0xF1);
    169c:	81 ef       	ldi	r24, 0xF1	; 241
    169e:	0e 94 89 0a 	call	0x1512	; 0x1512 <OLED_WriteCommand>

    OLED_WriteCommand(0xDB);
    16a2:	8b ed       	ldi	r24, 0xDB	; 219
    16a4:	0e 94 89 0a 	call	0x1512	; 0x1512 <OLED_WriteCommand>
    OLED_WriteCommand(0x40);
    16a8:	80 e4       	ldi	r24, 0x40	; 64
    16aa:	0e 94 89 0a 	call	0x1512	; 0x1512 <OLED_WriteCommand>

    OLED_WriteCommand(0xA4);
    16ae:	84 ea       	ldi	r24, 0xA4	; 164
    16b0:	0e 94 89 0a 	call	0x1512	; 0x1512 <OLED_WriteCommand>

    OLED_WriteCommand(0xA6);
    16b4:	86 ea       	ldi	r24, 0xA6	; 166
    16b6:	0e 94 89 0a 	call	0x1512	; 0x1512 <OLED_WriteCommand>

    OLED_WriteCommand(0xAF); /* Display ON */
    16ba:	8f ea       	ldi	r24, 0xAF	; 175
    16bc:	0e 94 89 0a 	call	0x1512	; 0x1512 <OLED_WriteCommand>

    OLED_Clear();
    16c0:	0e 94 f0 0a 	call	0x15e0	; 0x15e0 <OLED_Clear>

    OLED_SetCursor(0, 0);
    16c4:	60 e0       	ldi	r22, 0x00	; 0
    16c6:	80 e0       	ldi	r24, 0x00	; 0
    16c8:	0e 94 a7 0a 	call	0x154e	; 0x154e <OLED_SetCursor>
    OLED_WriteString("PREPAID KIOSK");
    16cc:	87 e4       	ldi	r24, 0x47	; 71
    16ce:	92 e0       	ldi	r25, 0x02	; 2
    16d0:	0e 94 e3 0a 	call	0x15c6	; 0x15c6 <OLED_WriteString>
    16d4:	08 95       	ret

000016d6 <RFID_WriteRegister>:
    PORTD |= (1 << PD7)


static void RFID_WriteRegister(u8 reg,
                               u8 value)
{
    16d6:	cf 93       	push	r28
    16d8:	c6 2f       	mov	r28, r22
    RFID_SS_LOW();
    16da:	95 b1       	in	r25, 0x05	; 5
    16dc:	9b 7f       	andi	r25, 0xFB	; 251
    16de:	95 b9       	out	0x05, r25	; 5

    SPI_Transfer((reg << 1) & 0x7E);
    16e0:	90 e0       	ldi	r25, 0x00	; 0
    16e2:	88 0f       	add	r24, r24
    16e4:	99 1f       	adc	r25, r25
    16e6:	8e 77       	andi	r24, 0x7E	; 126
    16e8:	0e 94 71 0d 	call	0x1ae2	; 0x1ae2 <SPI_Transfer>

    SPI_Transfer(value);
    16ec:	8c 2f       	mov	r24, r28
    16ee:	0e 94 71 0d 	call	0x1ae2	; 0x1ae2 <SPI_Transfer>

    RFID_SS_HIGH();
    16f2:	85 b1       	in	r24, 0x05	; 5
    16f4:	84 60       	ori	r24, 0x04	; 4
    16f6:	85 b9       	out	0x05, r24	; 5
}
    16f8:	cf 91       	pop	r28
    16fa:	08 95       	ret

000016fc <RFID_ReadRegister>:

static u8 RFID_ReadRegister(u8 reg)
{
    u8 value;

    RFID_SS_LOW();
    16fc:	95 b1       	in	r25, 0x05	; 5
    16fe:	9b 7f       	andi	r25, 0xFB	; 251
    1700:	95 b9       	out	0x05, r25	; 5

    SPI_Transfer(((reg << 1) & 0x7E) |
    1702:	90 e0       	ldi	r25, 0x00	; 0
    1704:	88 0f       	add	r24, r24
    1706:	99 1f       	adc	r25, r25
    1708:	8e 77       	andi	r24, 0x7E	; 126
    170a:	80 68       	ori	r24, 0x80	; 128
    170c:	0e 94 71 0d 	call	0x1ae2	; 0x1ae2 <SPI_Transfer>
                 0x80);

    value = SPI_Transfer(0);
    1710:	80 e0       	ldi	r24, 0x00	; 0
    1712:	0e 94 71 0d 	call	0x1ae2	; 0x1ae2 <SPI_Transfer>

    RFID_SS_HIGH();
    1716:	95 b1       	in	r25, 0x05	; 5
    1718:	94 60       	ori	r25, 0x04	; 4
    171a:	95 b9       	out	0x05, r25	; 5

    return value;
}
    171c:	08 95       	ret

0000171e <RFID_AntennaOn>:

static void RFID_AntennaOn(void)
{
    u8 value;

    value =
    171e:	84 e1       	ldi	r24, 0x14	; 20
    1720:	0e 94 7e 0b 	call	0x16fc	; 0x16fc <RFID_ReadRegister>
        RFID_ReadRegister(TX_CONTROL_REG);

    if(!(value & 0x03))
    1724:	98 2f       	mov	r25, r24
    1726:	93 70       	andi	r25, 0x03	; 3
    1728:	29 f4       	brne	.+10     	; 0x1734 <RFID_AntennaOn+0x16>
    {
        RFID_WriteRegister(
    172a:	68 2f       	mov	r22, r24
    172c:	63 60       	ori	r22, 0x03	; 3
    172e:	84 e1       	ldi	r24, 0x14	; 20
    1730:	0e 94 6b 0b 	call	0x16d6	; 0x16d6 <RFID_WriteRegister>
    1734:	08 95       	ret

00001736 <RFID_Transceive>:
static u8 RFID_Transceive(
    u8 *sendData,
    u8 sendLength,
    u8 *receiveData,
    u8 *receiveLength)
{
    1736:	cf 92       	push	r12
    1738:	df 92       	push	r13
    173a:	ef 92       	push	r14
    173c:	ff 92       	push	r15
    173e:	0f 93       	push	r16
    1740:	1f 93       	push	r17
    1742:	cf 93       	push	r28
    1744:	df 93       	push	r29
    1746:	6c 01       	movw	r12, r24
    1748:	d6 2f       	mov	r29, r22
    174a:	8a 01       	movw	r16, r20
    174c:	79 01       	movw	r14, r18
    u8 irq;
    u8 fifoLength;
    u8 i;

    RFID_WriteRegister(
    174e:	60 e0       	ldi	r22, 0x00	; 0
    1750:	81 e0       	ldi	r24, 0x01	; 1
    1752:	0e 94 6b 0b 	call	0x16d6	; 0x16d6 <RFID_WriteRegister>
        COMMAND_REG,
        IDLE_CMD
    );

    RFID_WriteRegister(
    1756:	6f e7       	ldi	r22, 0x7F	; 127
    1758:	84 e0       	ldi	r24, 0x04	; 4
    175a:	0e 94 6b 0b 	call	0x16d6	; 0x16d6 <RFID_WriteRegister>
        COM_IRQ_REG,
        0x7F
    );

    RFID_WriteRegister(
    175e:	60 e8       	ldi	r22, 0x80	; 128
    1760:	8a e0       	ldi	r24, 0x0A	; 10
    1762:	0e 94 6b 0b 	call	0x16d6	; 0x16d6 <RFID_WriteRegister>
        FIFO_LEVEL_REG,
        0x80
    );

    for(i = 0;
    1766:	c0 e0       	ldi	r28, 0x00	; 0
    1768:	08 c0       	rjmp	.+16     	; 0x177a <RFID_Transceive+0x44>
        i < sendLength;
        i++)
    {
        RFID_WriteRegister(
            FIFO_DATA_REG,
            sendData[i]
    176a:	f6 01       	movw	r30, r12
    176c:	ec 0f       	add	r30, r28
    176e:	f1 1d       	adc	r31, r1

    for(i = 0;
        i < sendLength;
        i++)
    {
        RFID_WriteRegister(
    1770:	60 81       	ld	r22, Z
    1772:	89 e0       	ldi	r24, 0x09	; 9
    1774:	0e 94 6b 0b 	call	0x16d6	; 0x16d6 <RFID_WriteRegister>
        0x80
    );

    for(i = 0;
        i < sendLength;
        i++)
    1778:	cf 5f       	subi	r28, 0xFF	; 255
    RFID_WriteRegister(
        FIFO_LEVEL_REG,
        0x80
    );

    for(i = 0;
    177a:	cd 17       	cp	r28, r29
    177c:	b0 f3       	brcs	.-20     	; 0x176a <RFID_Transceive+0x34>
            FIFO_DATA_REG,
            sendData[i]
        );
    }

    RFID_WriteRegister(
    177e:	6c e0       	ldi	r22, 0x0C	; 12
    1780:	81 e0       	ldi	r24, 0x01	; 1
    1782:	0e 94 6b 0b 	call	0x16d6	; 0x16d6 <RFID_WriteRegister>
        TRANSCEIVE_CMD
    );

    RFID_WriteRegister(
        BIT_FRAMING_REG,
        RFID_ReadRegister(
    1786:	8d e0       	ldi	r24, 0x0D	; 13
    1788:	0e 94 7e 0b 	call	0x16fc	; 0x16fc <RFID_ReadRegister>
    RFID_WriteRegister(
        COMMAND_REG,
        TRANSCEIVE_CMD
    );

    RFID_WriteRegister(
    178c:	68 2f       	mov	r22, r24
    178e:	60 68       	ori	r22, 0x80	; 128
    1790:	8d e0       	ldi	r24, 0x0D	; 13
    1792:	0e 94 6b 0b 	call	0x16d6	; 0x16d6 <RFID_WriteRegister>
        RFID_ReadRegister(
            BIT_FRAMING_REG
        ) | 0x80
    );

    for(i = 0;
    1796:	c0 e0       	ldi	r28, 0x00	; 0
    1798:	0c c0       	rjmp	.+24     	; 0x17b2 <RFID_Transceive+0x7c>
        i < 40;
        i++)
    {
        irq =
    179a:	84 e0       	ldi	r24, 0x04	; 4
    179c:	0e 94 7e 0b 	call	0x16fc	; 0x16fc <RFID_ReadRegister>
            RFID_ReadRegister(
                COM_IRQ_REG
            );

        if(irq & 0x30)
    17a0:	80 73       	andi	r24, 0x30	; 48
    17a2:	49 f4       	brne	.+18     	; 0x17b6 <RFID_Transceive+0x80>
    17a4:	89 ef       	ldi	r24, 0xF9	; 249
    17a6:	90 e0       	ldi	r25, 0x00	; 0
    17a8:	01 97       	sbiw	r24, 0x01	; 1
    17aa:	f1 f7       	brne	.-4      	; 0x17a8 <RFID_Transceive+0x72>
    17ac:	00 c0       	rjmp	.+0      	; 0x17ae <RFID_Transceive+0x78>
    17ae:	00 00       	nop
        ) | 0x80
    );

    for(i = 0;
        i < 40;
        i++)
    17b0:	cf 5f       	subi	r28, 0xFF	; 255
        RFID_ReadRegister(
            BIT_FRAMING_REG
        ) | 0x80
    );

    for(i = 0;
    17b2:	c8 32       	cpi	r28, 0x28	; 40
    17b4:	90 f3       	brcs	.-28     	; 0x179a <RFID_Transceive+0x64>
        _delay_ms(1);
    }

    RFID_WriteRegister(
        BIT_FRAMING_REG,
        RFID_ReadRegister(
    17b6:	8d e0       	ldi	r24, 0x0D	; 13
    17b8:	0e 94 7e 0b 	call	0x16fc	; 0x16fc <RFID_ReadRegister>
        }

        _delay_ms(1);
    }

    RFID_WriteRegister(
    17bc:	68 2f       	mov	r22, r24
    17be:	6f 77       	andi	r22, 0x7F	; 127
    17c0:	8d e0       	ldi	r24, 0x0D	; 13
    17c2:	0e 94 6b 0b 	call	0x16d6	; 0x16d6 <RFID_WriteRegister>
        RFID_ReadRegister(
            BIT_FRAMING_REG
        ) & ~0x80
    );

    if(i == 40)
    17c6:	c8 32       	cpi	r28, 0x28	; 40
    17c8:	e1 f0       	breq	.+56     	; 0x1802 <RFID_Transceive+0xcc>
    {
        return FALSE;
    }

    if(RFID_ReadRegister(ERROR_REG)
    17ca:	86 e0       	ldi	r24, 0x06	; 6
    17cc:	0e 94 7e 0b 	call	0x16fc	; 0x16fc <RFID_ReadRegister>
    17d0:	c8 2f       	mov	r28, r24
    17d2:	cb 71       	andi	r28, 0x1B	; 27
    17d4:	c1 f4       	brne	.+48     	; 0x1806 <RFID_Transceive+0xd0>
       & 0x1B)
    {
        return FALSE;
    }

    fifoLength =
    17d6:	8a e0       	ldi	r24, 0x0A	; 10
    17d8:	0e 94 7e 0b 	call	0x16fc	; 0x16fc <RFID_ReadRegister>
    17dc:	d8 2f       	mov	r29, r24
        RFID_ReadRegister(
            FIFO_LEVEL_REG
        );

    if(fifoLength > 18)
    17de:	83 31       	cpi	r24, 0x13	; 19
    17e0:	98 f4       	brcc	.+38     	; 0x1808 <RFID_Transceive+0xd2>
    {
        return FALSE;
    }

    *receiveLength = fifoLength;
    17e2:	f7 01       	movw	r30, r14
    17e4:	80 83       	st	Z, r24

    for(i = 0;
    17e6:	09 c0       	rjmp	.+18     	; 0x17fa <RFID_Transceive+0xc4>
        i < fifoLength;
        i++)
    {
        receiveData[i] =
    17e8:	78 01       	movw	r14, r16
    17ea:	ec 0e       	add	r14, r28
    17ec:	f1 1c       	adc	r15, r1
            RFID_ReadRegister(
    17ee:	89 e0       	ldi	r24, 0x09	; 9
    17f0:	0e 94 7e 0b 	call	0x16fc	; 0x16fc <RFID_ReadRegister>

    for(i = 0;
        i < fifoLength;
        i++)
    {
        receiveData[i] =
    17f4:	f7 01       	movw	r30, r14
    17f6:	80 83       	st	Z, r24

    *receiveLength = fifoLength;

    for(i = 0;
        i < fifoLength;
        i++)
    17f8:	cf 5f       	subi	r28, 0xFF	; 255
        return FALSE;
    }

    *receiveLength = fifoLength;

    for(i = 0;
    17fa:	cd 17       	cp	r28, r29
    17fc:	a8 f3       	brcs	.-22     	; 0x17e8 <RFID_Transceive+0xb2>
            RFID_ReadRegister(
                FIFO_DATA_REG
            );
    }

    return TRUE;
    17fe:	c1 e0       	ldi	r28, 0x01	; 1
    1800:	03 c0       	rjmp	.+6      	; 0x1808 <RFID_Transceive+0xd2>
        ) & ~0x80
    );

    if(i == 40)
    {
        return FALSE;
    1802:	c0 e0       	ldi	r28, 0x00	; 0
    1804:	01 c0       	rjmp	.+2      	; 0x1808 <RFID_Transceive+0xd2>
    }

    if(RFID_ReadRegister(ERROR_REG)
       & 0x1B)
    {
        return FALSE;
    1806:	c0 e0       	ldi	r28, 0x00	; 0
                FIFO_DATA_REG
            );
    }

    return TRUE;
}
    1808:	8c 2f       	mov	r24, r28
    180a:	df 91       	pop	r29
    180c:	cf 91       	pop	r28
    180e:	1f 91       	pop	r17
    1810:	0f 91       	pop	r16
    1812:	ff 90       	pop	r15
    1814:	ef 90       	pop	r14
    1816:	df 90       	pop	r13
    1818:	cf 90       	pop	r12
    181a:	08 95       	ret

0000181c <RFID_Init>:

    /*
        SS
    */

    DDRB |= (1 << PB2);
    181c:	84 b1       	in	r24, 0x04	; 4
    181e:	84 60       	ori	r24, 0x04	; 4
    1820:	84 b9       	out	0x04, r24	; 4

    RFID_SS_HIGH();
    1822:	85 b1       	in	r24, 0x05	; 5
    1824:	84 60       	ori	r24, 0x04	; 4
    1826:	85 b9       	out	0x05, r24	; 5

    /*
        RESET
    */

    DDRD |= (1 << PD7);
    1828:	8a b1       	in	r24, 0x0a	; 10
    182a:	80 68       	ori	r24, 0x80	; 128
    182c:	8a b9       	out	0x0a, r24	; 10

    RFID_RST_HIGH();
    182e:	8b b1       	in	r24, 0x0b	; 11
    1830:	80 68       	ori	r24, 0x80	; 128
    1832:	8b b9       	out	0x0b, r24	; 11
    1834:	83 ed       	ldi	r24, 0xD3	; 211
    1836:	90 e3       	ldi	r25, 0x30	; 48
    1838:	01 97       	sbiw	r24, 0x01	; 1
    183a:	f1 f7       	brne	.-4      	; 0x1838 <RFID_Init+0x1c>
    183c:	00 c0       	rjmp	.+0      	; 0x183e <RFID_Init+0x22>
    183e:	00 00       	nop

    _delay_ms(50);

    RFID_RST_LOW();
    1840:	8b b1       	in	r24, 0x0b	; 11
    1842:	8f 77       	andi	r24, 0x7F	; 127
    1844:	8b b9       	out	0x0b, r24	; 11
    1846:	83 ef       	ldi	r24, 0xF3	; 243
    1848:	91 e0       	ldi	r25, 0x01	; 1
    184a:	01 97       	sbiw	r24, 0x01	; 1
    184c:	f1 f7       	brne	.-4      	; 0x184a <RFID_Init+0x2e>
    184e:	00 c0       	rjmp	.+0      	; 0x1850 <RFID_Init+0x34>
    1850:	00 00       	nop

    _delay_ms(2);

    RFID_RST_HIGH();
    1852:	8b b1       	in	r24, 0x0b	; 11
    1854:	80 68       	ori	r24, 0x80	; 128
    1856:	8b b9       	out	0x0b, r24	; 11
    1858:	83 ed       	ldi	r24, 0xD3	; 211
    185a:	90 e3       	ldi	r25, 0x30	; 48
    185c:	01 97       	sbiw	r24, 0x01	; 1
    185e:	f1 f7       	brne	.-4      	; 0x185c <RFID_Init+0x40>
    1860:	00 c0       	rjmp	.+0      	; 0x1862 <RFID_Init+0x46>
    1862:	00 00       	nop

    /*
        SPI
    */

    SPI_Init();
    1864:	0e 94 61 0d 	call	0x1ac2	; 0x1ac2 <SPI_Init>

    /*
        Soft reset
    */

    RFID_WriteRegister(
    1868:	6f e0       	ldi	r22, 0x0F	; 15
    186a:	81 e0       	ldi	r24, 0x01	; 1
    186c:	0e 94 6b 0b 	call	0x16d6	; 0x16d6 <RFID_WriteRegister>
    1870:	83 ed       	ldi	r24, 0xD3	; 211
    1872:	90 e3       	ldi	r25, 0x30	; 48
    1874:	01 97       	sbiw	r24, 0x01	; 1
    1876:	f1 f7       	brne	.-4      	; 0x1874 <RFID_Init+0x58>
    1878:	00 c0       	rjmp	.+0      	; 0x187a <RFID_Init+0x5e>
    187a:	00 00       	nop

    /*
        Configure transmitter
    */

    RFID_WriteRegister(
    187c:	60 e4       	ldi	r22, 0x40	; 64
    187e:	85 e1       	ldi	r24, 0x15	; 21
    1880:	0e 94 6b 0b 	call	0x16d6	; 0x16d6 <RFID_WriteRegister>
        TX_ASK_REG,
        0x40
    );

    RFID_WriteRegister(
    1884:	6d e3       	ldi	r22, 0x3D	; 61
    1886:	81 e1       	ldi	r24, 0x11	; 17
    1888:	0e 94 6b 0b 	call	0x16d6	; 0x16d6 <RFID_WriteRegister>
        MODE_REG,
        0x3D
    );

    RFID_AntennaOn();
    188c:	0e 94 8f 0b 	call	0x171e	; 0x171e <RFID_AntennaOn>

    version =
    1890:	87 e3       	ldi	r24, 0x37	; 55
    1892:	0e 94 7e 0b 	call	0x16fc	; 0x16fc <RFID_ReadRegister>
        RFID_ReadRegister(VERSION_REG);

    if(version == 0x00 ||
    1896:	81 50       	subi	r24, 0x01	; 1
    1898:	8e 3f       	cpi	r24, 0xFE	; 254
    189a:	10 f0       	brcs	.+4      	; 0x18a0 <RFID_Init+0x84>
       version == 0xFF)
    {
        return FALSE;
    189c:	80 e0       	ldi	r24, 0x00	; 0
    189e:	08 95       	ret
    }

    return TRUE;
    18a0:	81 e0       	ldi	r24, 0x01	; 1
}
    18a2:	08 95       	ret

000018a4 <RFID_IsCardPresent>:

    return TRUE;
}

u8 RFID_IsCardPresent(void)
{
    18a4:	cf 93       	push	r28
    18a6:	df 93       	push	r29
    18a8:	cd b7       	in	r28, 0x3d	; 61
    18aa:	de b7       	in	r29, 0x3e	; 62
    18ac:	62 97       	sbiw	r28, 0x12	; 18
    18ae:	0f b6       	in	r0, 0x3f	; 63
    18b0:	f8 94       	cli
    18b2:	de bf       	out	0x3e, r29	; 62
    18b4:	0f be       	out	0x3f, r0	; 63
    18b6:	cd bf       	out	0x3d, r28	; 61
    u8 command;
    u8 response[16];
    u8 length;

    command = REQA;
    18b8:	86 e2       	ldi	r24, 0x26	; 38
    18ba:	89 83       	std	Y+1, r24	; 0x01

    RFID_WriteRegister(
    18bc:	67 e0       	ldi	r22, 0x07	; 7
    18be:	8d e0       	ldi	r24, 0x0D	; 13
    18c0:	0e 94 6b 0b 	call	0x16d6	; 0x16d6 <RFID_WriteRegister>
        BIT_FRAMING_REG,
        0x07
    );

    return RFID_Transceive(
    18c4:	9e 01       	movw	r18, r28
    18c6:	2e 5e       	subi	r18, 0xEE	; 238
    18c8:	3f 4f       	sbci	r19, 0xFF	; 255
    18ca:	ae 01       	movw	r20, r28
    18cc:	4e 5f       	subi	r20, 0xFE	; 254
    18ce:	5f 4f       	sbci	r21, 0xFF	; 255
    18d0:	61 e0       	ldi	r22, 0x01	; 1
    18d2:	ce 01       	movw	r24, r28
    18d4:	01 96       	adiw	r24, 0x01	; 1
    18d6:	0e 94 9b 0b 	call	0x1736	; 0x1736 <RFID_Transceive>
        &command,
        1,
        response,
        &length
    );
}
    18da:	62 96       	adiw	r28, 0x12	; 18
    18dc:	0f b6       	in	r0, 0x3f	; 63
    18de:	f8 94       	cli
    18e0:	de bf       	out	0x3e, r29	; 62
    18e2:	0f be       	out	0x3f, r0	; 63
    18e4:	cd bf       	out	0x3d, r28	; 61
    18e6:	df 91       	pop	r29
    18e8:	cf 91       	pop	r28
    18ea:	08 95       	ret

000018ec <RFID_ReadUID>:

u8 RFID_ReadUID(u8 *uid)
{
    18ec:	0f 93       	push	r16
    18ee:	1f 93       	push	r17
    18f0:	cf 93       	push	r28
    18f2:	df 93       	push	r29
    18f4:	cd b7       	in	r28, 0x3d	; 61
    18f6:	de b7       	in	r29, 0x3e	; 62
    18f8:	63 97       	sbiw	r28, 0x13	; 19
    18fa:	0f b6       	in	r0, 0x3f	; 63
    18fc:	f8 94       	cli
    18fe:	de bf       	out	0x3e, r29	; 62
    1900:	0f be       	out	0x3f, r0	; 63
    1902:	cd bf       	out	0x3d, r28	; 61
    1904:	8c 01       	movw	r16, r24

    u8 length;

    u8 i;

    command[0] = ANTICOLL;
    1906:	83 e9       	ldi	r24, 0x93	; 147
    1908:	89 83       	std	Y+1, r24	; 0x01

    command[1] = 0x20;
    190a:	80 e2       	ldi	r24, 0x20	; 32
    190c:	8a 83       	std	Y+2, r24	; 0x02

    RFID_WriteRegister(
    190e:	60 e0       	ldi	r22, 0x00	; 0
    1910:	8d e0       	ldi	r24, 0x0D	; 13
    1912:	0e 94 6b 0b 	call	0x16d6	; 0x16d6 <RFID_WriteRegister>
        BIT_FRAMING_REG,
        0x00
    );

    if(!RFID_Transceive(
    1916:	9e 01       	movw	r18, r28
    1918:	2d 5e       	subi	r18, 0xED	; 237
    191a:	3f 4f       	sbci	r19, 0xFF	; 255
    191c:	ae 01       	movw	r20, r28
    191e:	4d 5f       	subi	r20, 0xFD	; 253
    1920:	5f 4f       	sbci	r21, 0xFF	; 255
    1922:	62 e0       	ldi	r22, 0x02	; 2
    1924:	ce 01       	movw	r24, r28
    1926:	01 96       	adiw	r24, 0x01	; 1
    1928:	0e 94 9b 0b 	call	0x1736	; 0x1736 <RFID_Transceive>
    192c:	88 23       	and	r24, r24
    192e:	c1 f0       	breq	.+48     	; 0x1960 <RFID_ReadUID+0x74>
        &length))
    {
        return FALSE;
    }

    if(length < 5)
    1930:	8b 89       	ldd	r24, Y+19	; 0x13
    1932:	85 30       	cpi	r24, 0x05	; 5
    1934:	a0 f0       	brcs	.+40     	; 0x195e <RFID_ReadUID+0x72>
    1936:	20 e0       	ldi	r18, 0x00	; 0
    1938:	0e c0       	rjmp	.+28     	; 0x1956 <RFID_ReadUID+0x6a>
        return FALSE;
    }

    for(i = 0; i < 4; i++)
    {
        uid[i] = response[i];
    193a:	82 2f       	mov	r24, r18
    193c:	90 e0       	ldi	r25, 0x00	; 0
    193e:	f8 01       	movw	r30, r16
    1940:	e8 0f       	add	r30, r24
    1942:	f9 1f       	adc	r31, r25
    1944:	a3 e0       	ldi	r26, 0x03	; 3
    1946:	b0 e0       	ldi	r27, 0x00	; 0
    1948:	ac 0f       	add	r26, r28
    194a:	bd 1f       	adc	r27, r29
    194c:	a8 0f       	add	r26, r24
    194e:	b9 1f       	adc	r27, r25
    1950:	8c 91       	ld	r24, X
    1952:	80 83       	st	Z, r24
    if(length < 5)
    {
        return FALSE;
    }

    for(i = 0; i < 4; i++)
    1954:	2f 5f       	subi	r18, 0xFF	; 255
    1956:	24 30       	cpi	r18, 0x04	; 4
    1958:	80 f3       	brcs	.-32     	; 0x193a <RFID_ReadUID+0x4e>
    {
        uid[i] = response[i];
    }

    return TRUE;
    195a:	81 e0       	ldi	r24, 0x01	; 1
    195c:	01 c0       	rjmp	.+2      	; 0x1960 <RFID_ReadUID+0x74>
        return FALSE;
    }

    if(length < 5)
    {
        return FALSE;
    195e:	80 e0       	ldi	r24, 0x00	; 0
    {
        uid[i] = response[i];
    }

    return TRUE;
}
    1960:	63 96       	adiw	r28, 0x13	; 19
    1962:	0f b6       	in	r0, 0x3f	; 63
    1964:	f8 94       	cli
    1966:	de bf       	out	0x3e, r29	; 62
    1968:	0f be       	out	0x3f, r0	; 63
    196a:	cd bf       	out	0x3d, r28	; 61
    196c:	df 91       	pop	r29
    196e:	cf 91       	pop	r28
    1970:	1f 91       	pop	r17
    1972:	0f 91       	pop	r16
    1974:	08 95       	ret

00001976 <RFID_StopCrypto>:

void RFID_StopCrypto(void)
{
    RFID_WriteRegister(
    1976:	60 e0       	ldi	r22, 0x00	; 0
    1978:	81 e0       	ldi	r24, 0x01	; 1
    197a:	0e 94 6b 0b 	call	0x16d6	; 0x16d6 <RFID_WriteRegister>
    197e:	08 95       	ret

00001980 <RTC_BCDToDec>:

#define RTC_ADDRESS 0x68

u8 RTC_BCDToDec(u8 value)
{
    return ((value >> 4) * 10) +
    1980:	98 2f       	mov	r25, r24
    1982:	92 95       	swap	r25
    1984:	9f 70       	andi	r25, 0x0F	; 15
    1986:	99 0f       	add	r25, r25
    1988:	29 2f       	mov	r18, r25
    198a:	22 0f       	add	r18, r18
    198c:	22 0f       	add	r18, r18
    198e:	92 0f       	add	r25, r18
    1990:	8f 70       	andi	r24, 0x0F	; 15
           (value & 0x0F);
}
    1992:	89 0f       	add	r24, r25
    1994:	08 95       	ret

00001996 <RTC_DecToBCD>:

u8 RTC_DecToBCD(u8 value)
{
    return ((value / 10) << 4) |
    1996:	9d ec       	ldi	r25, 0xCD	; 205
    1998:	89 9f       	mul	r24, r25
    199a:	91 2d       	mov	r25, r1
    199c:	11 24       	eor	r1, r1
    199e:	96 95       	lsr	r25
    19a0:	96 95       	lsr	r25
    19a2:	96 95       	lsr	r25
    19a4:	20 e1       	ldi	r18, 0x10	; 16
    19a6:	92 9f       	mul	r25, r18
    19a8:	a0 01       	movw	r20, r0
    19aa:	11 24       	eor	r1, r1
    19ac:	99 0f       	add	r25, r25
    19ae:	29 2f       	mov	r18, r25
    19b0:	22 0f       	add	r18, r18
    19b2:	22 0f       	add	r18, r18
    19b4:	92 0f       	add	r25, r18
    19b6:	89 1b       	sub	r24, r25
           (value % 10);
}
    19b8:	84 2b       	or	r24, r20
    19ba:	08 95       	ret

000019bc <RTC_Init>:

void RTC_Init(void)
{
    I2C_Start((RTC_ADDRESS << 1) |
    19bc:	80 ed       	ldi	r24, 0xD0	; 208
    19be:	0e 94 67 01 	call	0x2ce	; 0x2ce <I2C_Start>
              I2C_WRITE);

    I2C_Write(0x00);
    19c2:	80 e0       	ldi	r24, 0x00	; 0
    19c4:	0e 94 87 01 	call	0x30e	; 0x30e <I2C_Write>

    I2C_Write(0x00);
    19c8:	80 e0       	ldi	r24, 0x00	; 0
    19ca:	0e 94 87 01 	call	0x30e	; 0x30e <I2C_Write>

    I2C_Stop();
    19ce:	0e 94 ad 01 	call	0x35a	; 0x35a <I2C_Stop>
    19d2:	08 95       	ret

000019d4 <RTC_SetTime>:
}

u8 RTC_SetTime(const RTC_Time *time)
{
    19d4:	cf 93       	push	r28
    19d6:	df 93       	push	r29
    19d8:	ec 01       	movw	r28, r24
    if(!I2C_Start((RTC_ADDRESS << 1) |
    19da:	80 ed       	ldi	r24, 0xD0	; 208
    19dc:	0e 94 67 01 	call	0x2ce	; 0x2ce <I2C_Start>
    19e0:	88 23       	and	r24, r24
    19e2:	39 f1       	breq	.+78     	; 0x1a32 <RTC_SetTime+0x5e>
                  I2C_WRITE))
    {
        return FALSE;
    }

    I2C_Write(0x00);
    19e4:	80 e0       	ldi	r24, 0x00	; 0
    19e6:	0e 94 87 01 	call	0x30e	; 0x30e <I2C_Write>

    I2C_Write(RTC_DecToBCD(time->sec));
    19ea:	88 81       	ld	r24, Y
    19ec:	0e 94 cb 0c 	call	0x1996	; 0x1996 <RTC_DecToBCD>
    19f0:	0e 94 87 01 	call	0x30e	; 0x30e <I2C_Write>

    I2C_Write(RTC_DecToBCD(time->min));
    19f4:	89 81       	ldd	r24, Y+1	; 0x01
    19f6:	0e 94 cb 0c 	call	0x1996	; 0x1996 <RTC_DecToBCD>
    19fa:	0e 94 87 01 	call	0x30e	; 0x30e <I2C_Write>

    I2C_Write(RTC_DecToBCD(time->hour));
    19fe:	8a 81       	ldd	r24, Y+2	; 0x02
    1a00:	0e 94 cb 0c 	call	0x1996	; 0x1996 <RTC_DecToBCD>
    1a04:	0e 94 87 01 	call	0x30e	; 0x30e <I2C_Write>

    I2C_Write(0x01);
    1a08:	81 e0       	ldi	r24, 0x01	; 1
    1a0a:	0e 94 87 01 	call	0x30e	; 0x30e <I2C_Write>

    I2C_Write(RTC_DecToBCD(time->day));
    1a0e:	8b 81       	ldd	r24, Y+3	; 0x03
    1a10:	0e 94 cb 0c 	call	0x1996	; 0x1996 <RTC_DecToBCD>
    1a14:	0e 94 87 01 	call	0x30e	; 0x30e <I2C_Write>

    I2C_Write(RTC_DecToBCD(time->month));
    1a18:	8c 81       	ldd	r24, Y+4	; 0x04
    1a1a:	0e 94 cb 0c 	call	0x1996	; 0x1996 <RTC_DecToBCD>
    1a1e:	0e 94 87 01 	call	0x30e	; 0x30e <I2C_Write>

    I2C_Write(RTC_DecToBCD(time->year));
    1a22:	8d 81       	ldd	r24, Y+5	; 0x05
    1a24:	0e 94 cb 0c 	call	0x1996	; 0x1996 <RTC_DecToBCD>
    1a28:	0e 94 87 01 	call	0x30e	; 0x30e <I2C_Write>

    I2C_Stop();
    1a2c:	0e 94 ad 01 	call	0x35a	; 0x35a <I2C_Stop>

    return TRUE;
    1a30:	81 e0       	ldi	r24, 0x01	; 1
}
    1a32:	df 91       	pop	r29
    1a34:	cf 91       	pop	r28
    1a36:	08 95       	ret

00001a38 <RTC_GetTime>:

u8 RTC_GetTime(RTC_Time *time)
{
    1a38:	cf 93       	push	r28
    1a3a:	df 93       	push	r29
    1a3c:	ec 01       	movw	r28, r24
    if(!I2C_Start((RTC_ADDRESS << 1) |
    1a3e:	80 ed       	ldi	r24, 0xD0	; 208
    1a40:	0e 94 67 01 	call	0x2ce	; 0x2ce <I2C_Start>
    1a44:	88 23       	and	r24, r24
    1a46:	59 f1       	breq	.+86     	; 0x1a9e <RTC_GetTime+0x66>
                  I2C_WRITE))
    {
        return FALSE;
    }

    I2C_Write(0x00);
    1a48:	80 e0       	ldi	r24, 0x00	; 0
    1a4a:	0e 94 87 01 	call	0x30e	; 0x30e <I2C_Write>

    if(!I2C_Start((RTC_ADDRESS << 1) |
    1a4e:	81 ed       	ldi	r24, 0xD1	; 209
    1a50:	0e 94 67 01 	call	0x2ce	; 0x2ce <I2C_Start>
    1a54:	88 23       	and	r24, r24
    1a56:	19 f1       	breq	.+70     	; 0x1a9e <RTC_GetTime+0x66>
    {
        return FALSE;
    }

    time->sec =
        RTC_BCDToDec(I2C_ReadACK());
    1a58:	0e 94 99 01 	call	0x332	; 0x332 <I2C_ReadACK>
    1a5c:	0e 94 c0 0c 	call	0x1980	; 0x1980 <RTC_BCDToDec>
                  I2C_READ))
    {
        return FALSE;
    }

    time->sec =
    1a60:	88 83       	st	Y, r24
        RTC_BCDToDec(I2C_ReadACK());

    time->min =
        RTC_BCDToDec(I2C_ReadACK());
    1a62:	0e 94 99 01 	call	0x332	; 0x332 <I2C_ReadACK>
    1a66:	0e 94 c0 0c 	call	0x1980	; 0x1980 <RTC_BCDToDec>
    }

    time->sec =
        RTC_BCDToDec(I2C_ReadACK());

    time->min =
    1a6a:	89 83       	std	Y+1, r24	; 0x01
        RTC_BCDToDec(I2C_ReadACK());

    time->hour =
        RTC_BCDToDec(I2C_ReadACK());
    1a6c:	0e 94 99 01 	call	0x332	; 0x332 <I2C_ReadACK>
    1a70:	0e 94 c0 0c 	call	0x1980	; 0x1980 <RTC_BCDToDec>
        RTC_BCDToDec(I2C_ReadACK());

    time->min =
        RTC_BCDToDec(I2C_ReadACK());

    time->hour =
    1a74:	8a 83       	std	Y+2, r24	; 0x02

    /*
        Day of week
    */

    I2C_ReadACK();
    1a76:	0e 94 99 01 	call	0x332	; 0x332 <I2C_ReadACK>

    time->day =
        RTC_BCDToDec(I2C_ReadACK());
    1a7a:	0e 94 99 01 	call	0x332	; 0x332 <I2C_ReadACK>
    1a7e:	0e 94 c0 0c 	call	0x1980	; 0x1980 <RTC_BCDToDec>
        Day of week
    */

    I2C_ReadACK();

    time->day =
    1a82:	8b 83       	std	Y+3, r24	; 0x03
        RTC_BCDToDec(I2C_ReadACK());

    time->month =
        RTC_BCDToDec(I2C_ReadACK());
    1a84:	0e 94 99 01 	call	0x332	; 0x332 <I2C_ReadACK>
    1a88:	0e 94 c0 0c 	call	0x1980	; 0x1980 <RTC_BCDToDec>
    I2C_ReadACK();

    time->day =
        RTC_BCDToDec(I2C_ReadACK());

    time->month =
    1a8c:	8c 83       	std	Y+4, r24	; 0x04
        RTC_BCDToDec(I2C_ReadACK());

    time->year =
        RTC_BCDToDec(I2C_ReadNACK());
    1a8e:	0e 94 a3 01 	call	0x346	; 0x346 <I2C_ReadNACK>
    1a92:	0e 94 c0 0c 	call	0x1980	; 0x1980 <RTC_BCDToDec>
        RTC_BCDToDec(I2C_ReadACK());

    time->month =
        RTC_BCDToDec(I2C_ReadACK());

    time->year =
    1a96:	8d 83       	std	Y+5, r24	; 0x05
        RTC_BCDToDec(I2C_ReadNACK());

    I2C_Stop();
    1a98:	0e 94 ad 01 	call	0x35a	; 0x35a <I2C_Stop>

    return TRUE;
    1a9c:	81 e0       	ldi	r24, 0x01	; 1
}
    1a9e:	df 91       	pop	r29
    1aa0:	cf 91       	pop	r28
    1aa2:	08 95       	ret

00001aa4 <RTC_IsPeak>:

        Evening peak:
        16:00 - 19:00
    */

    if((time->hour >= 6 &&
    1aa4:	fc 01       	movw	r30, r24
    1aa6:	82 81       	ldd	r24, Z+2	; 0x02
    1aa8:	9a ef       	ldi	r25, 0xFA	; 250
    1aaa:	98 0f       	add	r25, r24
    1aac:	93 30       	cpi	r25, 0x03	; 3
    1aae:	28 f0       	brcs	.+10     	; 0x1aba <RTC_IsPeak+0x16>
        time->hour < 9) ||

       (time->hour >= 16 &&
    1ab0:	80 51       	subi	r24, 0x10	; 16
        Evening peak:
        16:00 - 19:00
    */

    if((time->hour >= 6 &&
        time->hour < 9) ||
    1ab2:	83 30       	cpi	r24, 0x03	; 3
    1ab4:	20 f4       	brcc	.+8      	; 0x1abe <RTC_IsPeak+0x1a>

       (time->hour >= 16 &&
        time->hour < 19))
    {
        return TRUE;
    1ab6:	81 e0       	ldi	r24, 0x01	; 1
    1ab8:	08 95       	ret
    1aba:	81 e0       	ldi	r24, 0x01	; 1
    1abc:	08 95       	ret
    }

    return FALSE;
    1abe:	80 e0       	ldi	r24, 0x00	; 0
}
    1ac0:	08 95       	ret

00001ac2 <SPI_Init>:
        PB3 = MOSI
        PB4 = MISO
        PB5 = SCK
    */

    DDRB |= (1 << PB2);
    1ac2:	84 b1       	in	r24, 0x04	; 4
    1ac4:	84 60       	ori	r24, 0x04	; 4
    1ac6:	84 b9       	out	0x04, r24	; 4
    DDRB |= (1 << PB3);
    1ac8:	84 b1       	in	r24, 0x04	; 4
    1aca:	88 60       	ori	r24, 0x08	; 8
    1acc:	84 b9       	out	0x04, r24	; 4
    DDRB |= (1 << PB5);
    1ace:	84 b1       	in	r24, 0x04	; 4
    1ad0:	80 62       	ori	r24, 0x20	; 32
    1ad2:	84 b9       	out	0x04, r24	; 4

    DDRB &= ~(1 << PB4);
    1ad4:	84 b1       	in	r24, 0x04	; 4
    1ad6:	8f 7e       	andi	r24, 0xEF	; 239
    1ad8:	84 b9       	out	0x04, r24	; 4
        Master mode
        SPI Mode 0
        Clock = F_CPU / 4
    */

    SPCR = (1 << SPE) |
    1ada:	80 e5       	ldi	r24, 0x50	; 80
    1adc:	8c bd       	out	0x2c, r24	; 44
           (1 << MSTR);

    SPSR = 0;
    1ade:	1d bc       	out	0x2d, r1	; 45
    1ae0:	08 95       	ret

00001ae2 <SPI_Transfer>:
}

u8 SPI_Transfer(u8 data)
{
    SPDR = data;
    1ae2:	8e bd       	out	0x2e, r24	; 46

    while(!(SPSR & (1 << SPIF)));
    1ae4:	0d b4       	in	r0, 0x2d	; 45
    1ae6:	07 fe       	sbrs	r0, 7
    1ae8:	fd cf       	rjmp	.-6      	; 0x1ae4 <SPI_Transfer+0x2>

    return SPDR;
    1aea:	8e b5       	in	r24, 0x2e	; 46
    1aec:	08 95       	ret

00001aee <UART_Init>:
{
    u16 ubrr;

    ubrr = (u16)
           ((16000000UL /
           (16UL * baudRate)) - 1UL);
    1aee:	a0 e0       	ldi	r26, 0x00	; 0
    1af0:	b0 e0       	ldi	r27, 0x00	; 0
    1af2:	88 0f       	add	r24, r24
    1af4:	99 1f       	adc	r25, r25
    1af6:	aa 1f       	adc	r26, r26
    1af8:	bb 1f       	adc	r27, r27
    1afa:	88 0f       	add	r24, r24
    1afc:	99 1f       	adc	r25, r25
    1afe:	aa 1f       	adc	r26, r26
    1b00:	bb 1f       	adc	r27, r27
    1b02:	9c 01       	movw	r18, r24
    1b04:	ad 01       	movw	r20, r26
    1b06:	22 0f       	add	r18, r18
    1b08:	33 1f       	adc	r19, r19
    1b0a:	44 1f       	adc	r20, r20
    1b0c:	55 1f       	adc	r21, r21
    1b0e:	22 0f       	add	r18, r18
    1b10:	33 1f       	adc	r19, r19
    1b12:	44 1f       	adc	r20, r20
    1b14:	55 1f       	adc	r21, r21
void UART_Init(u16 baudRate)
{
    u16 ubrr;

    ubrr = (u16)
           ((16000000UL /
    1b16:	60 e0       	ldi	r22, 0x00	; 0
    1b18:	74 e2       	ldi	r23, 0x24	; 36
    1b1a:	84 ef       	ldi	r24, 0xF4	; 244
    1b1c:	90 e0       	ldi	r25, 0x00	; 0
    1b1e:	0e 94 c3 0d 	call	0x1b86	; 0x1b86 <__udivmodsi4>

void UART_Init(u16 baudRate)
{
    u16 ubrr;

    ubrr = (u16)
    1b22:	21 50       	subi	r18, 0x01	; 1
    1b24:	31 09       	sbc	r19, r1

    /*
        Baud Rate
    */

    UBRR0H = (u8)(ubrr >> 8);
    1b26:	30 93 c5 00 	sts	0x00C5, r19	; 0x8000c5 <__TEXT_REGION_LENGTH__+0x7f80c5>

    UBRR0L = (u8)ubrr;
    1b2a:	20 93 c4 00 	sts	0x00C4, r18	; 0x8000c4 <__TEXT_REGION_LENGTH__+0x7f80c4>

    /*
        Enable TX + RX
    */

    UCSR0A = 0;
    1b2e:	10 92 c0 00 	sts	0x00C0, r1	; 0x8000c0 <__TEXT_REGION_LENGTH__+0x7f80c0>

    UCSR0B =
    1b32:	88 e1       	ldi	r24, 0x18	; 24
    1b34:	80 93 c1 00 	sts	0x00C1, r24	; 0x8000c1 <__TEXT_REGION_LENGTH__+0x7f80c1>
        8-bit
        No parity
        1 stop bit
    */

    UCSR0C =
    1b38:	86 e0       	ldi	r24, 0x06	; 6
    1b3a:	80 93 c2 00 	sts	0x00C2, r24	; 0x8000c2 <__TEXT_REGION_LENGTH__+0x7f80c2>
    1b3e:	08 95       	ret

00001b40 <UART_Send>:
        (1 << UCSZ00);
}

void UART_Send(u8 data)
{
    while(!(UCSR0A & (1 << UDRE0)));
    1b40:	90 91 c0 00 	lds	r25, 0x00C0	; 0x8000c0 <__TEXT_REGION_LENGTH__+0x7f80c0>
    1b44:	95 ff       	sbrs	r25, 5
    1b46:	fc cf       	rjmp	.-8      	; 0x1b40 <UART_Send>

    UDR0 = data;
    1b48:	80 93 c6 00 	sts	0x00C6, r24	; 0x8000c6 <__TEXT_REGION_LENGTH__+0x7f80c6>
    1b4c:	08 95       	ret

00001b4e <UART_Receive>:
}

u8 UART_Receive(void)
{
    while(!(UCSR0A & (1 << RXC0)));
    1b4e:	80 91 c0 00 	lds	r24, 0x00C0	; 0x8000c0 <__TEXT_REGION_LENGTH__+0x7f80c0>
    1b52:	88 23       	and	r24, r24
    1b54:	e4 f7       	brge	.-8      	; 0x1b4e <UART_Receive>

    return UDR0;
    1b56:	80 91 c6 00 	lds	r24, 0x00C6	; 0x8000c6 <__TEXT_REGION_LENGTH__+0x7f80c6>
}
    1b5a:	08 95       	ret

00001b5c <UART_SendString>:

void UART_SendString(const char *str)
{
    1b5c:	cf 93       	push	r28
    1b5e:	df 93       	push	r29
    1b60:	ec 01       	movw	r28, r24
    while(*str)
    1b62:	03 c0       	rjmp	.+6      	; 0x1b6a <UART_SendString+0xe>
    {
        UART_Send(*str);
    1b64:	0e 94 a0 0d 	call	0x1b40	; 0x1b40 <UART_Send>
        str++;
    1b68:	21 96       	adiw	r28, 0x01	; 1
    return UDR0;
}

void UART_SendString(const char *str)
{
    while(*str)
    1b6a:	88 81       	ld	r24, Y
    1b6c:	81 11       	cpse	r24, r1
    1b6e:	fa cf       	rjmp	.-12     	; 0x1b64 <UART_SendString+0x8>
    {
        UART_Send(*str);
        str++;
    }
}
    1b70:	df 91       	pop	r29
    1b72:	cf 91       	pop	r28
    1b74:	08 95       	ret

00001b76 <UART_Available>:

u8 UART_Available(void)
{
    if(UCSR0A & (1 << RXC0))
    1b76:	80 91 c0 00 	lds	r24, 0x00C0	; 0x8000c0 <__TEXT_REGION_LENGTH__+0x7f80c0>
    1b7a:	88 23       	and	r24, r24
    1b7c:	14 f4       	brge	.+4      	; 0x1b82 <UART_Available+0xc>
    {
        return TRUE;
    1b7e:	81 e0       	ldi	r24, 0x01	; 1
    1b80:	08 95       	ret
    }

    return FALSE;
    1b82:	80 e0       	ldi	r24, 0x00	; 0
    1b84:	08 95       	ret

00001b86 <__udivmodsi4>:
    1b86:	a1 e2       	ldi	r26, 0x21	; 33
    1b88:	1a 2e       	mov	r1, r26
    1b8a:	aa 1b       	sub	r26, r26
    1b8c:	bb 1b       	sub	r27, r27
    1b8e:	fd 01       	movw	r30, r26
    1b90:	0d c0       	rjmp	.+26     	; 0x1bac <__udivmodsi4_ep>

00001b92 <__udivmodsi4_loop>:
    1b92:	aa 1f       	adc	r26, r26
    1b94:	bb 1f       	adc	r27, r27
    1b96:	ee 1f       	adc	r30, r30
    1b98:	ff 1f       	adc	r31, r31
    1b9a:	a2 17       	cp	r26, r18
    1b9c:	b3 07       	cpc	r27, r19
    1b9e:	e4 07       	cpc	r30, r20
    1ba0:	f5 07       	cpc	r31, r21
    1ba2:	20 f0       	brcs	.+8      	; 0x1bac <__udivmodsi4_ep>
    1ba4:	a2 1b       	sub	r26, r18
    1ba6:	b3 0b       	sbc	r27, r19
    1ba8:	e4 0b       	sbc	r30, r20
    1baa:	f5 0b       	sbc	r31, r21

00001bac <__udivmodsi4_ep>:
    1bac:	66 1f       	adc	r22, r22
    1bae:	77 1f       	adc	r23, r23
    1bb0:	88 1f       	adc	r24, r24
    1bb2:	99 1f       	adc	r25, r25
    1bb4:	1a 94       	dec	r1
    1bb6:	69 f7       	brne	.-38     	; 0x1b92 <__udivmodsi4_loop>
    1bb8:	60 95       	com	r22
    1bba:	70 95       	com	r23
    1bbc:	80 95       	com	r24
    1bbe:	90 95       	com	r25
    1bc0:	9b 01       	movw	r18, r22
    1bc2:	ac 01       	movw	r20, r24
    1bc4:	bd 01       	movw	r22, r26
    1bc6:	cf 01       	movw	r24, r30
    1bc8:	08 95       	ret

00001bca <__tablejump2__>:
    1bca:	ee 0f       	add	r30, r30
    1bcc:	ff 1f       	adc	r31, r31
    1bce:	05 90       	lpm	r0, Z+
    1bd0:	f4 91       	lpm	r31, Z
    1bd2:	e0 2d       	mov	r30, r0
    1bd4:	09 94       	ijmp

00001bd6 <__umulhisi3>:
    1bd6:	a2 9f       	mul	r26, r18
    1bd8:	b0 01       	movw	r22, r0
    1bda:	b3 9f       	mul	r27, r19
    1bdc:	c0 01       	movw	r24, r0
    1bde:	a3 9f       	mul	r26, r19
    1be0:	70 0d       	add	r23, r0
    1be2:	81 1d       	adc	r24, r1
    1be4:	11 24       	eor	r1, r1
    1be6:	91 1d       	adc	r25, r1
    1be8:	b2 9f       	mul	r27, r18
    1bea:	70 0d       	add	r23, r0
    1bec:	81 1d       	adc	r24, r1
    1bee:	11 24       	eor	r1, r1
    1bf0:	91 1d       	adc	r25, r1
    1bf2:	08 95       	ret

00001bf4 <strncmp>:
    1bf4:	fb 01       	movw	r30, r22
    1bf6:	dc 01       	movw	r26, r24
    1bf8:	41 50       	subi	r20, 0x01	; 1
    1bfa:	50 40       	sbci	r21, 0x00	; 0
    1bfc:	30 f0       	brcs	.+12     	; 0x1c0a <strncmp+0x16>
    1bfe:	8d 91       	ld	r24, X+
    1c00:	01 90       	ld	r0, Z+
    1c02:	80 19       	sub	r24, r0
    1c04:	19 f4       	brne	.+6      	; 0x1c0c <strncmp+0x18>
    1c06:	00 20       	and	r0, r0
    1c08:	b9 f7       	brne	.-18     	; 0x1bf8 <strncmp+0x4>
    1c0a:	88 1b       	sub	r24, r24
    1c0c:	99 0b       	sbc	r25, r25
    1c0e:	08 95       	ret

00001c10 <sprintf>:
    1c10:	ae e0       	ldi	r26, 0x0E	; 14
    1c12:	b0 e0       	ldi	r27, 0x00	; 0
    1c14:	ee e0       	ldi	r30, 0x0E	; 14
    1c16:	fe e0       	ldi	r31, 0x0E	; 14
    1c18:	0c 94 fd 13 	jmp	0x27fa	; 0x27fa <__prologue_saves__+0x1c>
    1c1c:	0d 89       	ldd	r16, Y+21	; 0x15
    1c1e:	1e 89       	ldd	r17, Y+22	; 0x16
    1c20:	86 e0       	ldi	r24, 0x06	; 6
    1c22:	8c 83       	std	Y+4, r24	; 0x04
    1c24:	1a 83       	std	Y+2, r17	; 0x02
    1c26:	09 83       	std	Y+1, r16	; 0x01
    1c28:	8f ef       	ldi	r24, 0xFF	; 255
    1c2a:	9f e7       	ldi	r25, 0x7F	; 127
    1c2c:	9e 83       	std	Y+6, r25	; 0x06
    1c2e:	8d 83       	std	Y+5, r24	; 0x05
    1c30:	ae 01       	movw	r20, r28
    1c32:	47 5e       	subi	r20, 0xE7	; 231
    1c34:	5f 4f       	sbci	r21, 0xFF	; 255
    1c36:	6f 89       	ldd	r22, Y+23	; 0x17
    1c38:	78 8d       	ldd	r23, Y+24	; 0x18
    1c3a:	ce 01       	movw	r24, r28
    1c3c:	01 96       	adiw	r24, 0x01	; 1
    1c3e:	0e 94 43 0e 	call	0x1c86	; 0x1c86 <vfprintf>
    1c42:	ef 81       	ldd	r30, Y+7	; 0x07
    1c44:	f8 85       	ldd	r31, Y+8	; 0x08
    1c46:	e0 0f       	add	r30, r16
    1c48:	f1 1f       	adc	r31, r17
    1c4a:	10 82       	st	Z, r1
    1c4c:	2e 96       	adiw	r28, 0x0e	; 14
    1c4e:	e4 e0       	ldi	r30, 0x04	; 4
    1c50:	0c 94 19 14 	jmp	0x2832	; 0x2832 <__epilogue_restores__+0x1c>

00001c54 <sscanf>:
    1c54:	ae e0       	ldi	r26, 0x0E	; 14
    1c56:	b0 e0       	ldi	r27, 0x00	; 0
    1c58:	e0 e3       	ldi	r30, 0x30	; 48
    1c5a:	fe e0       	ldi	r31, 0x0E	; 14
    1c5c:	0c 94 ff 13 	jmp	0x27fe	; 0x27fe <__prologue_saves__+0x20>
    1c60:	85 e0       	ldi	r24, 0x05	; 5
    1c62:	8c 83       	std	Y+4, r24	; 0x04
    1c64:	8b 89       	ldd	r24, Y+19	; 0x13
    1c66:	9c 89       	ldd	r25, Y+20	; 0x14
    1c68:	9a 83       	std	Y+2, r25	; 0x02
    1c6a:	89 83       	std	Y+1, r24	; 0x01
    1c6c:	ae 01       	movw	r20, r28
    1c6e:	49 5e       	subi	r20, 0xE9	; 233
    1c70:	5f 4f       	sbci	r21, 0xFF	; 255
    1c72:	6d 89       	ldd	r22, Y+21	; 0x15
    1c74:	7e 89       	ldd	r23, Y+22	; 0x16
    1c76:	ce 01       	movw	r24, r28
    1c78:	01 96       	adiw	r24, 0x01	; 1
    1c7a:	0e 94 c0 11 	call	0x2380	; 0x2380 <vfscanf>
    1c7e:	2e 96       	adiw	r28, 0x0e	; 14
    1c80:	e2 e0       	ldi	r30, 0x02	; 2
    1c82:	0c 94 1b 14 	jmp	0x2836	; 0x2836 <__epilogue_restores__+0x20>

00001c86 <vfprintf>:
    1c86:	ab e0       	ldi	r26, 0x0B	; 11
    1c88:	b0 e0       	ldi	r27, 0x00	; 0
    1c8a:	e9 e4       	ldi	r30, 0x49	; 73
    1c8c:	fe e0       	ldi	r31, 0x0E	; 14
    1c8e:	0c 94 ef 13 	jmp	0x27de	; 0x27de <__prologue_saves__>
    1c92:	6c 01       	movw	r12, r24
    1c94:	7b 01       	movw	r14, r22
    1c96:	8a 01       	movw	r16, r20
    1c98:	fc 01       	movw	r30, r24
    1c9a:	17 82       	std	Z+7, r1	; 0x07
    1c9c:	16 82       	std	Z+6, r1	; 0x06
    1c9e:	83 81       	ldd	r24, Z+3	; 0x03
    1ca0:	81 ff       	sbrs	r24, 1
    1ca2:	cc c1       	rjmp	.+920    	; 0x203c <vfprintf+0x3b6>
    1ca4:	ce 01       	movw	r24, r28
    1ca6:	01 96       	adiw	r24, 0x01	; 1
    1ca8:	3c 01       	movw	r6, r24
    1caa:	f6 01       	movw	r30, r12
    1cac:	93 81       	ldd	r25, Z+3	; 0x03
    1cae:	f7 01       	movw	r30, r14
    1cb0:	93 fd       	sbrc	r25, 3
    1cb2:	85 91       	lpm	r24, Z+
    1cb4:	93 ff       	sbrs	r25, 3
    1cb6:	81 91       	ld	r24, Z+
    1cb8:	7f 01       	movw	r14, r30
    1cba:	88 23       	and	r24, r24
    1cbc:	09 f4       	brne	.+2      	; 0x1cc0 <vfprintf+0x3a>
    1cbe:	ba c1       	rjmp	.+884    	; 0x2034 <vfprintf+0x3ae>
    1cc0:	85 32       	cpi	r24, 0x25	; 37
    1cc2:	39 f4       	brne	.+14     	; 0x1cd2 <vfprintf+0x4c>
    1cc4:	93 fd       	sbrc	r25, 3
    1cc6:	85 91       	lpm	r24, Z+
    1cc8:	93 ff       	sbrs	r25, 3
    1cca:	81 91       	ld	r24, Z+
    1ccc:	7f 01       	movw	r14, r30
    1cce:	85 32       	cpi	r24, 0x25	; 37
    1cd0:	29 f4       	brne	.+10     	; 0x1cdc <vfprintf+0x56>
    1cd2:	b6 01       	movw	r22, r12
    1cd4:	90 e0       	ldi	r25, 0x00	; 0
    1cd6:	0e 94 39 13 	call	0x2672	; 0x2672 <fputc>
    1cda:	e7 cf       	rjmp	.-50     	; 0x1caa <vfprintf+0x24>
    1cdc:	91 2c       	mov	r9, r1
    1cde:	21 2c       	mov	r2, r1
    1ce0:	31 2c       	mov	r3, r1
    1ce2:	ff e1       	ldi	r31, 0x1F	; 31
    1ce4:	f3 15       	cp	r31, r3
    1ce6:	d8 f0       	brcs	.+54     	; 0x1d1e <vfprintf+0x98>
    1ce8:	8b 32       	cpi	r24, 0x2B	; 43
    1cea:	79 f0       	breq	.+30     	; 0x1d0a <vfprintf+0x84>
    1cec:	38 f4       	brcc	.+14     	; 0x1cfc <vfprintf+0x76>
    1cee:	80 32       	cpi	r24, 0x20	; 32
    1cf0:	79 f0       	breq	.+30     	; 0x1d10 <vfprintf+0x8a>
    1cf2:	83 32       	cpi	r24, 0x23	; 35
    1cf4:	a1 f4       	brne	.+40     	; 0x1d1e <vfprintf+0x98>
    1cf6:	23 2d       	mov	r18, r3
    1cf8:	20 61       	ori	r18, 0x10	; 16
    1cfa:	1d c0       	rjmp	.+58     	; 0x1d36 <vfprintf+0xb0>
    1cfc:	8d 32       	cpi	r24, 0x2D	; 45
    1cfe:	61 f0       	breq	.+24     	; 0x1d18 <vfprintf+0x92>
    1d00:	80 33       	cpi	r24, 0x30	; 48
    1d02:	69 f4       	brne	.+26     	; 0x1d1e <vfprintf+0x98>
    1d04:	23 2d       	mov	r18, r3
    1d06:	21 60       	ori	r18, 0x01	; 1
    1d08:	16 c0       	rjmp	.+44     	; 0x1d36 <vfprintf+0xb0>
    1d0a:	83 2d       	mov	r24, r3
    1d0c:	82 60       	ori	r24, 0x02	; 2
    1d0e:	38 2e       	mov	r3, r24
    1d10:	e3 2d       	mov	r30, r3
    1d12:	e4 60       	ori	r30, 0x04	; 4
    1d14:	3e 2e       	mov	r3, r30
    1d16:	2a c0       	rjmp	.+84     	; 0x1d6c <vfprintf+0xe6>
    1d18:	f3 2d       	mov	r31, r3
    1d1a:	f8 60       	ori	r31, 0x08	; 8
    1d1c:	1d c0       	rjmp	.+58     	; 0x1d58 <vfprintf+0xd2>
    1d1e:	37 fc       	sbrc	r3, 7
    1d20:	2d c0       	rjmp	.+90     	; 0x1d7c <vfprintf+0xf6>
    1d22:	20 ed       	ldi	r18, 0xD0	; 208
    1d24:	28 0f       	add	r18, r24
    1d26:	2a 30       	cpi	r18, 0x0A	; 10
    1d28:	40 f0       	brcs	.+16     	; 0x1d3a <vfprintf+0xb4>
    1d2a:	8e 32       	cpi	r24, 0x2E	; 46
    1d2c:	b9 f4       	brne	.+46     	; 0x1d5c <vfprintf+0xd6>
    1d2e:	36 fc       	sbrc	r3, 6
    1d30:	81 c1       	rjmp	.+770    	; 0x2034 <vfprintf+0x3ae>
    1d32:	23 2d       	mov	r18, r3
    1d34:	20 64       	ori	r18, 0x40	; 64
    1d36:	32 2e       	mov	r3, r18
    1d38:	19 c0       	rjmp	.+50     	; 0x1d6c <vfprintf+0xe6>
    1d3a:	36 fe       	sbrs	r3, 6
    1d3c:	06 c0       	rjmp	.+12     	; 0x1d4a <vfprintf+0xc4>
    1d3e:	8a e0       	ldi	r24, 0x0A	; 10
    1d40:	98 9e       	mul	r9, r24
    1d42:	20 0d       	add	r18, r0
    1d44:	11 24       	eor	r1, r1
    1d46:	92 2e       	mov	r9, r18
    1d48:	11 c0       	rjmp	.+34     	; 0x1d6c <vfprintf+0xe6>
    1d4a:	ea e0       	ldi	r30, 0x0A	; 10
    1d4c:	2e 9e       	mul	r2, r30
    1d4e:	20 0d       	add	r18, r0
    1d50:	11 24       	eor	r1, r1
    1d52:	22 2e       	mov	r2, r18
    1d54:	f3 2d       	mov	r31, r3
    1d56:	f0 62       	ori	r31, 0x20	; 32
    1d58:	3f 2e       	mov	r3, r31
    1d5a:	08 c0       	rjmp	.+16     	; 0x1d6c <vfprintf+0xe6>
    1d5c:	8c 36       	cpi	r24, 0x6C	; 108
    1d5e:	21 f4       	brne	.+8      	; 0x1d68 <vfprintf+0xe2>
    1d60:	83 2d       	mov	r24, r3
    1d62:	80 68       	ori	r24, 0x80	; 128
    1d64:	38 2e       	mov	r3, r24
    1d66:	02 c0       	rjmp	.+4      	; 0x1d6c <vfprintf+0xe6>
    1d68:	88 36       	cpi	r24, 0x68	; 104
    1d6a:	41 f4       	brne	.+16     	; 0x1d7c <vfprintf+0xf6>
    1d6c:	f7 01       	movw	r30, r14
    1d6e:	93 fd       	sbrc	r25, 3
    1d70:	85 91       	lpm	r24, Z+
    1d72:	93 ff       	sbrs	r25, 3
    1d74:	81 91       	ld	r24, Z+
    1d76:	7f 01       	movw	r14, r30
    1d78:	81 11       	cpse	r24, r1
    1d7a:	b3 cf       	rjmp	.-154    	; 0x1ce2 <vfprintf+0x5c>
    1d7c:	98 2f       	mov	r25, r24
    1d7e:	9f 7d       	andi	r25, 0xDF	; 223
    1d80:	95 54       	subi	r25, 0x45	; 69
    1d82:	93 30       	cpi	r25, 0x03	; 3
    1d84:	28 f4       	brcc	.+10     	; 0x1d90 <vfprintf+0x10a>
    1d86:	0c 5f       	subi	r16, 0xFC	; 252
    1d88:	1f 4f       	sbci	r17, 0xFF	; 255
    1d8a:	9f e3       	ldi	r25, 0x3F	; 63
    1d8c:	99 83       	std	Y+1, r25	; 0x01
    1d8e:	0d c0       	rjmp	.+26     	; 0x1daa <vfprintf+0x124>
    1d90:	83 36       	cpi	r24, 0x63	; 99
    1d92:	31 f0       	breq	.+12     	; 0x1da0 <vfprintf+0x11a>
    1d94:	83 37       	cpi	r24, 0x73	; 115
    1d96:	71 f0       	breq	.+28     	; 0x1db4 <vfprintf+0x12e>
    1d98:	83 35       	cpi	r24, 0x53	; 83
    1d9a:	09 f0       	breq	.+2      	; 0x1d9e <vfprintf+0x118>
    1d9c:	59 c0       	rjmp	.+178    	; 0x1e50 <vfprintf+0x1ca>
    1d9e:	21 c0       	rjmp	.+66     	; 0x1de2 <vfprintf+0x15c>
    1da0:	f8 01       	movw	r30, r16
    1da2:	80 81       	ld	r24, Z
    1da4:	89 83       	std	Y+1, r24	; 0x01
    1da6:	0e 5f       	subi	r16, 0xFE	; 254
    1da8:	1f 4f       	sbci	r17, 0xFF	; 255
    1daa:	88 24       	eor	r8, r8
    1dac:	83 94       	inc	r8
    1dae:	91 2c       	mov	r9, r1
    1db0:	53 01       	movw	r10, r6
    1db2:	13 c0       	rjmp	.+38     	; 0x1dda <vfprintf+0x154>
    1db4:	28 01       	movw	r4, r16
    1db6:	f2 e0       	ldi	r31, 0x02	; 2
    1db8:	4f 0e       	add	r4, r31
    1dba:	51 1c       	adc	r5, r1
    1dbc:	f8 01       	movw	r30, r16
    1dbe:	a0 80       	ld	r10, Z
    1dc0:	b1 80       	ldd	r11, Z+1	; 0x01
    1dc2:	36 fe       	sbrs	r3, 6
    1dc4:	03 c0       	rjmp	.+6      	; 0x1dcc <vfprintf+0x146>
    1dc6:	69 2d       	mov	r22, r9
    1dc8:	70 e0       	ldi	r23, 0x00	; 0
    1dca:	02 c0       	rjmp	.+4      	; 0x1dd0 <vfprintf+0x14a>
    1dcc:	6f ef       	ldi	r22, 0xFF	; 255
    1dce:	7f ef       	ldi	r23, 0xFF	; 255
    1dd0:	c5 01       	movw	r24, r10
    1dd2:	0e 94 f0 12 	call	0x25e0	; 0x25e0 <strnlen>
    1dd6:	4c 01       	movw	r8, r24
    1dd8:	82 01       	movw	r16, r4
    1dda:	f3 2d       	mov	r31, r3
    1ddc:	ff 77       	andi	r31, 0x7F	; 127
    1dde:	3f 2e       	mov	r3, r31
    1de0:	16 c0       	rjmp	.+44     	; 0x1e0e <vfprintf+0x188>
    1de2:	28 01       	movw	r4, r16
    1de4:	22 e0       	ldi	r18, 0x02	; 2
    1de6:	42 0e       	add	r4, r18
    1de8:	51 1c       	adc	r5, r1
    1dea:	f8 01       	movw	r30, r16
    1dec:	a0 80       	ld	r10, Z
    1dee:	b1 80       	ldd	r11, Z+1	; 0x01
    1df0:	36 fe       	sbrs	r3, 6
    1df2:	03 c0       	rjmp	.+6      	; 0x1dfa <vfprintf+0x174>
    1df4:	69 2d       	mov	r22, r9
    1df6:	70 e0       	ldi	r23, 0x00	; 0
    1df8:	02 c0       	rjmp	.+4      	; 0x1dfe <vfprintf+0x178>
    1dfa:	6f ef       	ldi	r22, 0xFF	; 255
    1dfc:	7f ef       	ldi	r23, 0xFF	; 255
    1dfe:	c5 01       	movw	r24, r10
    1e00:	0e 94 e5 12 	call	0x25ca	; 0x25ca <strnlen_P>
    1e04:	4c 01       	movw	r8, r24
    1e06:	f3 2d       	mov	r31, r3
    1e08:	f0 68       	ori	r31, 0x80	; 128
    1e0a:	3f 2e       	mov	r3, r31
    1e0c:	82 01       	movw	r16, r4
    1e0e:	33 fc       	sbrc	r3, 3
    1e10:	1b c0       	rjmp	.+54     	; 0x1e48 <vfprintf+0x1c2>
    1e12:	82 2d       	mov	r24, r2
    1e14:	90 e0       	ldi	r25, 0x00	; 0
    1e16:	88 16       	cp	r8, r24
    1e18:	99 06       	cpc	r9, r25
    1e1a:	b0 f4       	brcc	.+44     	; 0x1e48 <vfprintf+0x1c2>
    1e1c:	b6 01       	movw	r22, r12
    1e1e:	80 e2       	ldi	r24, 0x20	; 32
    1e20:	90 e0       	ldi	r25, 0x00	; 0
    1e22:	0e 94 39 13 	call	0x2672	; 0x2672 <fputc>
    1e26:	2a 94       	dec	r2
    1e28:	f4 cf       	rjmp	.-24     	; 0x1e12 <vfprintf+0x18c>
    1e2a:	f5 01       	movw	r30, r10
    1e2c:	37 fc       	sbrc	r3, 7
    1e2e:	85 91       	lpm	r24, Z+
    1e30:	37 fe       	sbrs	r3, 7
    1e32:	81 91       	ld	r24, Z+
    1e34:	5f 01       	movw	r10, r30
    1e36:	b6 01       	movw	r22, r12
    1e38:	90 e0       	ldi	r25, 0x00	; 0
    1e3a:	0e 94 39 13 	call	0x2672	; 0x2672 <fputc>
    1e3e:	21 10       	cpse	r2, r1
    1e40:	2a 94       	dec	r2
    1e42:	21 e0       	ldi	r18, 0x01	; 1
    1e44:	82 1a       	sub	r8, r18
    1e46:	91 08       	sbc	r9, r1
    1e48:	81 14       	cp	r8, r1
    1e4a:	91 04       	cpc	r9, r1
    1e4c:	71 f7       	brne	.-36     	; 0x1e2a <vfprintf+0x1a4>
    1e4e:	e8 c0       	rjmp	.+464    	; 0x2020 <vfprintf+0x39a>
    1e50:	84 36       	cpi	r24, 0x64	; 100
    1e52:	11 f0       	breq	.+4      	; 0x1e58 <vfprintf+0x1d2>
    1e54:	89 36       	cpi	r24, 0x69	; 105
    1e56:	41 f5       	brne	.+80     	; 0x1ea8 <vfprintf+0x222>
    1e58:	f8 01       	movw	r30, r16
    1e5a:	37 fe       	sbrs	r3, 7
    1e5c:	07 c0       	rjmp	.+14     	; 0x1e6c <vfprintf+0x1e6>
    1e5e:	60 81       	ld	r22, Z
    1e60:	71 81       	ldd	r23, Z+1	; 0x01
    1e62:	82 81       	ldd	r24, Z+2	; 0x02
    1e64:	93 81       	ldd	r25, Z+3	; 0x03
    1e66:	0c 5f       	subi	r16, 0xFC	; 252
    1e68:	1f 4f       	sbci	r17, 0xFF	; 255
    1e6a:	08 c0       	rjmp	.+16     	; 0x1e7c <vfprintf+0x1f6>
    1e6c:	60 81       	ld	r22, Z
    1e6e:	71 81       	ldd	r23, Z+1	; 0x01
    1e70:	07 2e       	mov	r0, r23
    1e72:	00 0c       	add	r0, r0
    1e74:	88 0b       	sbc	r24, r24
    1e76:	99 0b       	sbc	r25, r25
    1e78:	0e 5f       	subi	r16, 0xFE	; 254
    1e7a:	1f 4f       	sbci	r17, 0xFF	; 255
    1e7c:	f3 2d       	mov	r31, r3
    1e7e:	ff 76       	andi	r31, 0x6F	; 111
    1e80:	3f 2e       	mov	r3, r31
    1e82:	97 ff       	sbrs	r25, 7
    1e84:	09 c0       	rjmp	.+18     	; 0x1e98 <vfprintf+0x212>
    1e86:	90 95       	com	r25
    1e88:	80 95       	com	r24
    1e8a:	70 95       	com	r23
    1e8c:	61 95       	neg	r22
    1e8e:	7f 4f       	sbci	r23, 0xFF	; 255
    1e90:	8f 4f       	sbci	r24, 0xFF	; 255
    1e92:	9f 4f       	sbci	r25, 0xFF	; 255
    1e94:	f0 68       	ori	r31, 0x80	; 128
    1e96:	3f 2e       	mov	r3, r31
    1e98:	2a e0       	ldi	r18, 0x0A	; 10
    1e9a:	30 e0       	ldi	r19, 0x00	; 0
    1e9c:	a3 01       	movw	r20, r6
    1e9e:	0e 94 8e 13 	call	0x271c	; 0x271c <__ultoa_invert>
    1ea2:	88 2e       	mov	r8, r24
    1ea4:	86 18       	sub	r8, r6
    1ea6:	45 c0       	rjmp	.+138    	; 0x1f32 <vfprintf+0x2ac>
    1ea8:	85 37       	cpi	r24, 0x75	; 117
    1eaa:	31 f4       	brne	.+12     	; 0x1eb8 <vfprintf+0x232>
    1eac:	23 2d       	mov	r18, r3
    1eae:	2f 7e       	andi	r18, 0xEF	; 239
    1eb0:	b2 2e       	mov	r11, r18
    1eb2:	2a e0       	ldi	r18, 0x0A	; 10
    1eb4:	30 e0       	ldi	r19, 0x00	; 0
    1eb6:	25 c0       	rjmp	.+74     	; 0x1f02 <vfprintf+0x27c>
    1eb8:	93 2d       	mov	r25, r3
    1eba:	99 7f       	andi	r25, 0xF9	; 249
    1ebc:	b9 2e       	mov	r11, r25
    1ebe:	8f 36       	cpi	r24, 0x6F	; 111
    1ec0:	c1 f0       	breq	.+48     	; 0x1ef2 <vfprintf+0x26c>
    1ec2:	18 f4       	brcc	.+6      	; 0x1eca <vfprintf+0x244>
    1ec4:	88 35       	cpi	r24, 0x58	; 88
    1ec6:	79 f0       	breq	.+30     	; 0x1ee6 <vfprintf+0x260>
    1ec8:	b5 c0       	rjmp	.+362    	; 0x2034 <vfprintf+0x3ae>
    1eca:	80 37       	cpi	r24, 0x70	; 112
    1ecc:	19 f0       	breq	.+6      	; 0x1ed4 <vfprintf+0x24e>
    1ece:	88 37       	cpi	r24, 0x78	; 120
    1ed0:	21 f0       	breq	.+8      	; 0x1eda <vfprintf+0x254>
    1ed2:	b0 c0       	rjmp	.+352    	; 0x2034 <vfprintf+0x3ae>
    1ed4:	e9 2f       	mov	r30, r25
    1ed6:	e0 61       	ori	r30, 0x10	; 16
    1ed8:	be 2e       	mov	r11, r30
    1eda:	b4 fe       	sbrs	r11, 4
    1edc:	0d c0       	rjmp	.+26     	; 0x1ef8 <vfprintf+0x272>
    1ede:	fb 2d       	mov	r31, r11
    1ee0:	f4 60       	ori	r31, 0x04	; 4
    1ee2:	bf 2e       	mov	r11, r31
    1ee4:	09 c0       	rjmp	.+18     	; 0x1ef8 <vfprintf+0x272>
    1ee6:	34 fe       	sbrs	r3, 4
    1ee8:	0a c0       	rjmp	.+20     	; 0x1efe <vfprintf+0x278>
    1eea:	29 2f       	mov	r18, r25
    1eec:	26 60       	ori	r18, 0x06	; 6
    1eee:	b2 2e       	mov	r11, r18
    1ef0:	06 c0       	rjmp	.+12     	; 0x1efe <vfprintf+0x278>
    1ef2:	28 e0       	ldi	r18, 0x08	; 8
    1ef4:	30 e0       	ldi	r19, 0x00	; 0
    1ef6:	05 c0       	rjmp	.+10     	; 0x1f02 <vfprintf+0x27c>
    1ef8:	20 e1       	ldi	r18, 0x10	; 16
    1efa:	30 e0       	ldi	r19, 0x00	; 0
    1efc:	02 c0       	rjmp	.+4      	; 0x1f02 <vfprintf+0x27c>
    1efe:	20 e1       	ldi	r18, 0x10	; 16
    1f00:	32 e0       	ldi	r19, 0x02	; 2
    1f02:	f8 01       	movw	r30, r16
    1f04:	b7 fe       	sbrs	r11, 7
    1f06:	07 c0       	rjmp	.+14     	; 0x1f16 <vfprintf+0x290>
    1f08:	60 81       	ld	r22, Z
    1f0a:	71 81       	ldd	r23, Z+1	; 0x01
    1f0c:	82 81       	ldd	r24, Z+2	; 0x02
    1f0e:	93 81       	ldd	r25, Z+3	; 0x03
    1f10:	0c 5f       	subi	r16, 0xFC	; 252
    1f12:	1f 4f       	sbci	r17, 0xFF	; 255
    1f14:	06 c0       	rjmp	.+12     	; 0x1f22 <vfprintf+0x29c>
    1f16:	60 81       	ld	r22, Z
    1f18:	71 81       	ldd	r23, Z+1	; 0x01
    1f1a:	80 e0       	ldi	r24, 0x00	; 0
    1f1c:	90 e0       	ldi	r25, 0x00	; 0
    1f1e:	0e 5f       	subi	r16, 0xFE	; 254
    1f20:	1f 4f       	sbci	r17, 0xFF	; 255
    1f22:	a3 01       	movw	r20, r6
    1f24:	0e 94 8e 13 	call	0x271c	; 0x271c <__ultoa_invert>
    1f28:	88 2e       	mov	r8, r24
    1f2a:	86 18       	sub	r8, r6
    1f2c:	fb 2d       	mov	r31, r11
    1f2e:	ff 77       	andi	r31, 0x7F	; 127
    1f30:	3f 2e       	mov	r3, r31
    1f32:	36 fe       	sbrs	r3, 6
    1f34:	0d c0       	rjmp	.+26     	; 0x1f50 <vfprintf+0x2ca>
    1f36:	23 2d       	mov	r18, r3
    1f38:	2e 7f       	andi	r18, 0xFE	; 254
    1f3a:	a2 2e       	mov	r10, r18
    1f3c:	89 14       	cp	r8, r9
    1f3e:	58 f4       	brcc	.+22     	; 0x1f56 <vfprintf+0x2d0>
    1f40:	34 fe       	sbrs	r3, 4
    1f42:	0b c0       	rjmp	.+22     	; 0x1f5a <vfprintf+0x2d4>
    1f44:	32 fc       	sbrc	r3, 2
    1f46:	09 c0       	rjmp	.+18     	; 0x1f5a <vfprintf+0x2d4>
    1f48:	83 2d       	mov	r24, r3
    1f4a:	8e 7e       	andi	r24, 0xEE	; 238
    1f4c:	a8 2e       	mov	r10, r24
    1f4e:	05 c0       	rjmp	.+10     	; 0x1f5a <vfprintf+0x2d4>
    1f50:	b8 2c       	mov	r11, r8
    1f52:	a3 2c       	mov	r10, r3
    1f54:	03 c0       	rjmp	.+6      	; 0x1f5c <vfprintf+0x2d6>
    1f56:	b8 2c       	mov	r11, r8
    1f58:	01 c0       	rjmp	.+2      	; 0x1f5c <vfprintf+0x2d6>
    1f5a:	b9 2c       	mov	r11, r9
    1f5c:	a4 fe       	sbrs	r10, 4
    1f5e:	0f c0       	rjmp	.+30     	; 0x1f7e <vfprintf+0x2f8>
    1f60:	fe 01       	movw	r30, r28
    1f62:	e8 0d       	add	r30, r8
    1f64:	f1 1d       	adc	r31, r1
    1f66:	80 81       	ld	r24, Z
    1f68:	80 33       	cpi	r24, 0x30	; 48
    1f6a:	21 f4       	brne	.+8      	; 0x1f74 <vfprintf+0x2ee>
    1f6c:	9a 2d       	mov	r25, r10
    1f6e:	99 7e       	andi	r25, 0xE9	; 233
    1f70:	a9 2e       	mov	r10, r25
    1f72:	09 c0       	rjmp	.+18     	; 0x1f86 <vfprintf+0x300>
    1f74:	a2 fe       	sbrs	r10, 2
    1f76:	06 c0       	rjmp	.+12     	; 0x1f84 <vfprintf+0x2fe>
    1f78:	b3 94       	inc	r11
    1f7a:	b3 94       	inc	r11
    1f7c:	04 c0       	rjmp	.+8      	; 0x1f86 <vfprintf+0x300>
    1f7e:	8a 2d       	mov	r24, r10
    1f80:	86 78       	andi	r24, 0x86	; 134
    1f82:	09 f0       	breq	.+2      	; 0x1f86 <vfprintf+0x300>
    1f84:	b3 94       	inc	r11
    1f86:	a3 fc       	sbrc	r10, 3
    1f88:	11 c0       	rjmp	.+34     	; 0x1fac <vfprintf+0x326>
    1f8a:	a0 fe       	sbrs	r10, 0
    1f8c:	06 c0       	rjmp	.+12     	; 0x1f9a <vfprintf+0x314>
    1f8e:	b2 14       	cp	r11, r2
    1f90:	88 f4       	brcc	.+34     	; 0x1fb4 <vfprintf+0x32e>
    1f92:	28 0c       	add	r2, r8
    1f94:	92 2c       	mov	r9, r2
    1f96:	9b 18       	sub	r9, r11
    1f98:	0e c0       	rjmp	.+28     	; 0x1fb6 <vfprintf+0x330>
    1f9a:	b2 14       	cp	r11, r2
    1f9c:	60 f4       	brcc	.+24     	; 0x1fb6 <vfprintf+0x330>
    1f9e:	b6 01       	movw	r22, r12
    1fa0:	80 e2       	ldi	r24, 0x20	; 32
    1fa2:	90 e0       	ldi	r25, 0x00	; 0
    1fa4:	0e 94 39 13 	call	0x2672	; 0x2672 <fputc>
    1fa8:	b3 94       	inc	r11
    1faa:	f7 cf       	rjmp	.-18     	; 0x1f9a <vfprintf+0x314>
    1fac:	b2 14       	cp	r11, r2
    1fae:	18 f4       	brcc	.+6      	; 0x1fb6 <vfprintf+0x330>
    1fb0:	2b 18       	sub	r2, r11
    1fb2:	02 c0       	rjmp	.+4      	; 0x1fb8 <vfprintf+0x332>
    1fb4:	98 2c       	mov	r9, r8
    1fb6:	21 2c       	mov	r2, r1
    1fb8:	a4 fe       	sbrs	r10, 4
    1fba:	10 c0       	rjmp	.+32     	; 0x1fdc <vfprintf+0x356>
    1fbc:	b6 01       	movw	r22, r12
    1fbe:	80 e3       	ldi	r24, 0x30	; 48
    1fc0:	90 e0       	ldi	r25, 0x00	; 0
    1fc2:	0e 94 39 13 	call	0x2672	; 0x2672 <fputc>
    1fc6:	a2 fe       	sbrs	r10, 2
    1fc8:	17 c0       	rjmp	.+46     	; 0x1ff8 <vfprintf+0x372>
    1fca:	a1 fc       	sbrc	r10, 1
    1fcc:	03 c0       	rjmp	.+6      	; 0x1fd4 <vfprintf+0x34e>
    1fce:	88 e7       	ldi	r24, 0x78	; 120
    1fd0:	90 e0       	ldi	r25, 0x00	; 0
    1fd2:	02 c0       	rjmp	.+4      	; 0x1fd8 <vfprintf+0x352>
    1fd4:	88 e5       	ldi	r24, 0x58	; 88
    1fd6:	90 e0       	ldi	r25, 0x00	; 0
    1fd8:	b6 01       	movw	r22, r12
    1fda:	0c c0       	rjmp	.+24     	; 0x1ff4 <vfprintf+0x36e>
    1fdc:	8a 2d       	mov	r24, r10
    1fde:	86 78       	andi	r24, 0x86	; 134
    1fe0:	59 f0       	breq	.+22     	; 0x1ff8 <vfprintf+0x372>
    1fe2:	a1 fe       	sbrs	r10, 1
    1fe4:	02 c0       	rjmp	.+4      	; 0x1fea <vfprintf+0x364>
    1fe6:	8b e2       	ldi	r24, 0x2B	; 43
    1fe8:	01 c0       	rjmp	.+2      	; 0x1fec <vfprintf+0x366>
    1fea:	80 e2       	ldi	r24, 0x20	; 32
    1fec:	a7 fc       	sbrc	r10, 7
    1fee:	8d e2       	ldi	r24, 0x2D	; 45
    1ff0:	b6 01       	movw	r22, r12
    1ff2:	90 e0       	ldi	r25, 0x00	; 0
    1ff4:	0e 94 39 13 	call	0x2672	; 0x2672 <fputc>
    1ff8:	89 14       	cp	r8, r9
    1ffa:	38 f4       	brcc	.+14     	; 0x200a <vfprintf+0x384>
    1ffc:	b6 01       	movw	r22, r12
    1ffe:	80 e3       	ldi	r24, 0x30	; 48
    2000:	90 e0       	ldi	r25, 0x00	; 0
    2002:	0e 94 39 13 	call	0x2672	; 0x2672 <fputc>
    2006:	9a 94       	dec	r9
    2008:	f7 cf       	rjmp	.-18     	; 0x1ff8 <vfprintf+0x372>
    200a:	8a 94       	dec	r8
    200c:	f3 01       	movw	r30, r6
    200e:	e8 0d       	add	r30, r8
    2010:	f1 1d       	adc	r31, r1
    2012:	80 81       	ld	r24, Z
    2014:	b6 01       	movw	r22, r12
    2016:	90 e0       	ldi	r25, 0x00	; 0
    2018:	0e 94 39 13 	call	0x2672	; 0x2672 <fputc>
    201c:	81 10       	cpse	r8, r1
    201e:	f5 cf       	rjmp	.-22     	; 0x200a <vfprintf+0x384>
    2020:	22 20       	and	r2, r2
    2022:	09 f4       	brne	.+2      	; 0x2026 <vfprintf+0x3a0>
    2024:	42 ce       	rjmp	.-892    	; 0x1caa <vfprintf+0x24>
    2026:	b6 01       	movw	r22, r12
    2028:	80 e2       	ldi	r24, 0x20	; 32
    202a:	90 e0       	ldi	r25, 0x00	; 0
    202c:	0e 94 39 13 	call	0x2672	; 0x2672 <fputc>
    2030:	2a 94       	dec	r2
    2032:	f6 cf       	rjmp	.-20     	; 0x2020 <vfprintf+0x39a>
    2034:	f6 01       	movw	r30, r12
    2036:	86 81       	ldd	r24, Z+6	; 0x06
    2038:	97 81       	ldd	r25, Z+7	; 0x07
    203a:	02 c0       	rjmp	.+4      	; 0x2040 <vfprintf+0x3ba>
    203c:	8f ef       	ldi	r24, 0xFF	; 255
    203e:	9f ef       	ldi	r25, 0xFF	; 255
    2040:	2b 96       	adiw	r28, 0x0b	; 11
    2042:	e2 e1       	ldi	r30, 0x12	; 18
    2044:	0c 94 0b 14 	jmp	0x2816	; 0x2816 <__epilogue_restores__>

00002048 <putval>:
    2048:	20 fd       	sbrc	r18, 0
    204a:	09 c0       	rjmp	.+18     	; 0x205e <putval+0x16>
    204c:	fc 01       	movw	r30, r24
    204e:	23 fd       	sbrc	r18, 3
    2050:	05 c0       	rjmp	.+10     	; 0x205c <putval+0x14>
    2052:	22 ff       	sbrs	r18, 2
    2054:	02 c0       	rjmp	.+4      	; 0x205a <putval+0x12>
    2056:	73 83       	std	Z+3, r23	; 0x03
    2058:	62 83       	std	Z+2, r22	; 0x02
    205a:	51 83       	std	Z+1, r21	; 0x01
    205c:	40 83       	st	Z, r20
    205e:	08 95       	ret

00002060 <mulacc>:
    2060:	44 fd       	sbrc	r20, 4
    2062:	17 c0       	rjmp	.+46     	; 0x2092 <mulacc+0x32>
    2064:	46 fd       	sbrc	r20, 6
    2066:	17 c0       	rjmp	.+46     	; 0x2096 <mulacc+0x36>
    2068:	ab 01       	movw	r20, r22
    206a:	bc 01       	movw	r22, r24
    206c:	da 01       	movw	r26, r20
    206e:	fb 01       	movw	r30, r22
    2070:	aa 0f       	add	r26, r26
    2072:	bb 1f       	adc	r27, r27
    2074:	ee 1f       	adc	r30, r30
    2076:	ff 1f       	adc	r31, r31
    2078:	10 94       	com	r1
    207a:	d1 f7       	brne	.-12     	; 0x2070 <mulacc+0x10>
    207c:	4a 0f       	add	r20, r26
    207e:	5b 1f       	adc	r21, r27
    2080:	6e 1f       	adc	r22, r30
    2082:	7f 1f       	adc	r23, r31
    2084:	cb 01       	movw	r24, r22
    2086:	ba 01       	movw	r22, r20
    2088:	66 0f       	add	r22, r22
    208a:	77 1f       	adc	r23, r23
    208c:	88 1f       	adc	r24, r24
    208e:	99 1f       	adc	r25, r25
    2090:	09 c0       	rjmp	.+18     	; 0x20a4 <mulacc+0x44>
    2092:	33 e0       	ldi	r19, 0x03	; 3
    2094:	01 c0       	rjmp	.+2      	; 0x2098 <mulacc+0x38>
    2096:	34 e0       	ldi	r19, 0x04	; 4
    2098:	66 0f       	add	r22, r22
    209a:	77 1f       	adc	r23, r23
    209c:	88 1f       	adc	r24, r24
    209e:	99 1f       	adc	r25, r25
    20a0:	31 50       	subi	r19, 0x01	; 1
    20a2:	d1 f7       	brne	.-12     	; 0x2098 <mulacc+0x38>
    20a4:	62 0f       	add	r22, r18
    20a6:	71 1d       	adc	r23, r1
    20a8:	81 1d       	adc	r24, r1
    20aa:	91 1d       	adc	r25, r1
    20ac:	08 95       	ret

000020ae <skip_spaces>:
    20ae:	0f 93       	push	r16
    20b0:	1f 93       	push	r17
    20b2:	cf 93       	push	r28
    20b4:	df 93       	push	r29
    20b6:	8c 01       	movw	r16, r24
    20b8:	c8 01       	movw	r24, r16
    20ba:	0e 94 fb 12 	call	0x25f6	; 0x25f6 <fgetc>
    20be:	ec 01       	movw	r28, r24
    20c0:	97 fd       	sbrc	r25, 7
    20c2:	08 c0       	rjmp	.+16     	; 0x20d4 <skip_spaces+0x26>
    20c4:	0e 94 d1 12 	call	0x25a2	; 0x25a2 <isspace>
    20c8:	89 2b       	or	r24, r25
    20ca:	b1 f7       	brne	.-20     	; 0x20b8 <skip_spaces+0xa>
    20cc:	b8 01       	movw	r22, r16
    20ce:	ce 01       	movw	r24, r28
    20d0:	0e 94 75 13 	call	0x26ea	; 0x26ea <ungetc>
    20d4:	ce 01       	movw	r24, r28
    20d6:	df 91       	pop	r29
    20d8:	cf 91       	pop	r28
    20da:	1f 91       	pop	r17
    20dc:	0f 91       	pop	r16
    20de:	08 95       	ret

000020e0 <conv_int>:
    20e0:	8f 92       	push	r8
    20e2:	9f 92       	push	r9
    20e4:	af 92       	push	r10
    20e6:	bf 92       	push	r11
    20e8:	ef 92       	push	r14
    20ea:	ff 92       	push	r15
    20ec:	0f 93       	push	r16
    20ee:	1f 93       	push	r17
    20f0:	cf 93       	push	r28
    20f2:	df 93       	push	r29
    20f4:	8c 01       	movw	r16, r24
    20f6:	d6 2f       	mov	r29, r22
    20f8:	7a 01       	movw	r14, r20
    20fa:	b2 2e       	mov	r11, r18
    20fc:	0e 94 fb 12 	call	0x25f6	; 0x25f6 <fgetc>
    2100:	9c 01       	movw	r18, r24
    2102:	33 27       	eor	r19, r19
    2104:	2b 32       	cpi	r18, 0x2B	; 43
    2106:	31 05       	cpc	r19, r1
    2108:	31 f0       	breq	.+12     	; 0x2116 <conv_int+0x36>
    210a:	2d 32       	cpi	r18, 0x2D	; 45
    210c:	31 05       	cpc	r19, r1
    210e:	61 f4       	brne	.+24     	; 0x2128 <conv_int+0x48>
    2110:	8b 2d       	mov	r24, r11
    2112:	80 68       	ori	r24, 0x80	; 128
    2114:	b8 2e       	mov	r11, r24
    2116:	d1 50       	subi	r29, 0x01	; 1
    2118:	11 f4       	brne	.+4      	; 0x211e <conv_int+0x3e>
    211a:	80 e0       	ldi	r24, 0x00	; 0
    211c:	68 c0       	rjmp	.+208    	; 0x21ee <conv_int+0x10e>
    211e:	c8 01       	movw	r24, r16
    2120:	0e 94 fb 12 	call	0x25f6	; 0x25f6 <fgetc>
    2124:	97 fd       	sbrc	r25, 7
    2126:	f9 cf       	rjmp	.-14     	; 0x211a <conv_int+0x3a>
    2128:	cb 2d       	mov	r28, r11
    212a:	cd 7f       	andi	r28, 0xFD	; 253
    212c:	2b 2d       	mov	r18, r11
    212e:	20 73       	andi	r18, 0x30	; 48
    2130:	09 f5       	brne	.+66     	; 0x2174 <conv_int+0x94>
    2132:	80 33       	cpi	r24, 0x30	; 48
    2134:	f9 f4       	brne	.+62     	; 0x2174 <conv_int+0x94>
    2136:	aa 24       	eor	r10, r10
    2138:	aa 94       	dec	r10
    213a:	ad 0e       	add	r10, r29
    213c:	09 f4       	brne	.+2      	; 0x2140 <conv_int+0x60>
    213e:	43 c0       	rjmp	.+134    	; 0x21c6 <conv_int+0xe6>
    2140:	c8 01       	movw	r24, r16
    2142:	0e 94 fb 12 	call	0x25f6	; 0x25f6 <fgetc>
    2146:	97 fd       	sbrc	r25, 7
    2148:	3e c0       	rjmp	.+124    	; 0x21c6 <conv_int+0xe6>
    214a:	9c 01       	movw	r18, r24
    214c:	2f 7d       	andi	r18, 0xDF	; 223
    214e:	33 27       	eor	r19, r19
    2150:	28 35       	cpi	r18, 0x58	; 88
    2152:	31 05       	cpc	r19, r1
    2154:	49 f4       	brne	.+18     	; 0x2168 <conv_int+0x88>
    2156:	c2 64       	ori	r28, 0x42	; 66
    2158:	d2 50       	subi	r29, 0x02	; 2
    215a:	a9 f1       	breq	.+106    	; 0x21c6 <conv_int+0xe6>
    215c:	c8 01       	movw	r24, r16
    215e:	0e 94 fb 12 	call	0x25f6	; 0x25f6 <fgetc>
    2162:	97 ff       	sbrs	r25, 7
    2164:	07 c0       	rjmp	.+14     	; 0x2174 <conv_int+0x94>
    2166:	2f c0       	rjmp	.+94     	; 0x21c6 <conv_int+0xe6>
    2168:	b6 fe       	sbrs	r11, 6
    216a:	02 c0       	rjmp	.+4      	; 0x2170 <conv_int+0x90>
    216c:	c2 60       	ori	r28, 0x02	; 2
    216e:	01 c0       	rjmp	.+2      	; 0x2172 <conv_int+0x92>
    2170:	c2 61       	ori	r28, 0x12	; 18
    2172:	da 2d       	mov	r29, r10
    2174:	81 2c       	mov	r8, r1
    2176:	91 2c       	mov	r9, r1
    2178:	54 01       	movw	r10, r8
    217a:	20 ed       	ldi	r18, 0xD0	; 208
    217c:	28 0f       	add	r18, r24
    217e:	28 30       	cpi	r18, 0x08	; 8
    2180:	80 f0       	brcs	.+32     	; 0x21a2 <conv_int+0xc2>
    2182:	c4 ff       	sbrs	r28, 4
    2184:	04 c0       	rjmp	.+8      	; 0x218e <conv_int+0xae>
    2186:	b8 01       	movw	r22, r16
    2188:	0e 94 75 13 	call	0x26ea	; 0x26ea <ungetc>
    218c:	19 c0       	rjmp	.+50     	; 0x21c0 <conv_int+0xe0>
    218e:	2a 30       	cpi	r18, 0x0A	; 10
    2190:	40 f0       	brcs	.+16     	; 0x21a2 <conv_int+0xc2>
    2192:	c6 ff       	sbrs	r28, 6
    2194:	f8 cf       	rjmp	.-16     	; 0x2186 <conv_int+0xa6>
    2196:	2f 7d       	andi	r18, 0xDF	; 223
    2198:	3f ee       	ldi	r19, 0xEF	; 239
    219a:	32 0f       	add	r19, r18
    219c:	36 30       	cpi	r19, 0x06	; 6
    219e:	98 f7       	brcc	.-26     	; 0x2186 <conv_int+0xa6>
    21a0:	27 50       	subi	r18, 0x07	; 7
    21a2:	4c 2f       	mov	r20, r28
    21a4:	c5 01       	movw	r24, r10
    21a6:	b4 01       	movw	r22, r8
    21a8:	0e 94 30 10 	call	0x2060	; 0x2060 <mulacc>
    21ac:	4b 01       	movw	r8, r22
    21ae:	5c 01       	movw	r10, r24
    21b0:	c2 60       	ori	r28, 0x02	; 2
    21b2:	d1 50       	subi	r29, 0x01	; 1
    21b4:	59 f0       	breq	.+22     	; 0x21cc <conv_int+0xec>
    21b6:	c8 01       	movw	r24, r16
    21b8:	0e 94 fb 12 	call	0x25f6	; 0x25f6 <fgetc>
    21bc:	97 ff       	sbrs	r25, 7
    21be:	dd cf       	rjmp	.-70     	; 0x217a <conv_int+0x9a>
    21c0:	c1 fd       	sbrc	r28, 1
    21c2:	04 c0       	rjmp	.+8      	; 0x21cc <conv_int+0xec>
    21c4:	aa cf       	rjmp	.-172    	; 0x211a <conv_int+0x3a>
    21c6:	81 2c       	mov	r8, r1
    21c8:	91 2c       	mov	r9, r1
    21ca:	54 01       	movw	r10, r8
    21cc:	c7 ff       	sbrs	r28, 7
    21ce:	08 c0       	rjmp	.+16     	; 0x21e0 <conv_int+0x100>
    21d0:	b0 94       	com	r11
    21d2:	a0 94       	com	r10
    21d4:	90 94       	com	r9
    21d6:	80 94       	com	r8
    21d8:	81 1c       	adc	r8, r1
    21da:	91 1c       	adc	r9, r1
    21dc:	a1 1c       	adc	r10, r1
    21de:	b1 1c       	adc	r11, r1
    21e0:	2c 2f       	mov	r18, r28
    21e2:	b5 01       	movw	r22, r10
    21e4:	a4 01       	movw	r20, r8
    21e6:	c7 01       	movw	r24, r14
    21e8:	0e 94 24 10 	call	0x2048	; 0x2048 <putval>
    21ec:	81 e0       	ldi	r24, 0x01	; 1
    21ee:	df 91       	pop	r29
    21f0:	cf 91       	pop	r28
    21f2:	1f 91       	pop	r17
    21f4:	0f 91       	pop	r16
    21f6:	ff 90       	pop	r15
    21f8:	ef 90       	pop	r14
    21fa:	bf 90       	pop	r11
    21fc:	af 90       	pop	r10
    21fe:	9f 90       	pop	r9
    2200:	8f 90       	pop	r8
    2202:	08 95       	ret

00002204 <conv_brk>:
    2204:	a0 e2       	ldi	r26, 0x20	; 32
    2206:	b0 e0       	ldi	r27, 0x00	; 0
    2208:	e8 e0       	ldi	r30, 0x08	; 8
    220a:	f1 e1       	ldi	r31, 0x11	; 17
    220c:	0c 94 f2 13 	jmp	0x27e4	; 0x27e4 <__prologue_saves__+0x6>
    2210:	5c 01       	movw	r10, r24
    2212:	96 2e       	mov	r9, r22
    2214:	7a 01       	movw	r14, r20
    2216:	f9 01       	movw	r30, r18
    2218:	8e 01       	movw	r16, r28
    221a:	0f 5f       	subi	r16, 0xFF	; 255
    221c:	1f 4f       	sbci	r17, 0xFF	; 255
    221e:	68 01       	movw	r12, r16
    2220:	80 e2       	ldi	r24, 0x20	; 32
    2222:	d8 01       	movw	r26, r16
    2224:	1d 92       	st	X+, r1
    2226:	8a 95       	dec	r24
    2228:	e9 f7       	brne	.-6      	; 0x2224 <conv_brk+0x20>
    222a:	d5 01       	movw	r26, r10
    222c:	13 96       	adiw	r26, 0x03	; 3
    222e:	8c 90       	ld	r8, X
    2230:	80 e0       	ldi	r24, 0x00	; 0
    2232:	90 e0       	ldi	r25, 0x00	; 0
    2234:	61 2c       	mov	r6, r1
    2236:	71 2c       	mov	r7, r1
    2238:	30 e0       	ldi	r19, 0x00	; 0
    223a:	61 e0       	ldi	r22, 0x01	; 1
    223c:	70 e0       	ldi	r23, 0x00	; 0
    223e:	83 fc       	sbrc	r8, 3
    2240:	25 91       	lpm	r18, Z+
    2242:	83 fe       	sbrs	r8, 3
    2244:	21 91       	ld	r18, Z+
    2246:	8f 01       	movw	r16, r30
    2248:	52 2e       	mov	r5, r18
    224a:	21 11       	cpse	r18, r1
    224c:	03 c0       	rjmp	.+6      	; 0x2254 <conv_brk+0x50>
    224e:	80 e0       	ldi	r24, 0x00	; 0
    2250:	90 e0       	ldi	r25, 0x00	; 0
    2252:	92 c0       	rjmp	.+292    	; 0x2378 <conv_brk+0x174>
    2254:	2e 35       	cpi	r18, 0x5E	; 94
    2256:	11 f4       	brne	.+4      	; 0x225c <conv_brk+0x58>
    2258:	00 97       	sbiw	r24, 0x00	; 0
    225a:	51 f1       	breq	.+84     	; 0x22b0 <conv_brk+0xac>
    225c:	43 2f       	mov	r20, r19
    225e:	50 e0       	ldi	r21, 0x00	; 0
    2260:	48 17       	cp	r20, r24
    2262:	59 07       	cpc	r21, r25
    2264:	3c f4       	brge	.+14     	; 0x2274 <conv_brk+0x70>
    2266:	2d 35       	cpi	r18, 0x5D	; 93
    2268:	59 f1       	breq	.+86     	; 0x22c0 <conv_brk+0xbc>
    226a:	2d 32       	cpi	r18, 0x2D	; 45
    226c:	19 f4       	brne	.+6      	; 0x2274 <conv_brk+0x70>
    226e:	77 20       	and	r7, r7
    2270:	09 f1       	breq	.+66     	; 0x22b4 <conv_brk+0xb0>
    2272:	03 c0       	rjmp	.+6      	; 0x227a <conv_brk+0x76>
    2274:	77 20       	and	r7, r7
    2276:	09 f4       	brne	.+2      	; 0x227a <conv_brk+0x76>
    2278:	6a c0       	rjmp	.+212    	; 0x234e <conv_brk+0x14a>
    227a:	45 2d       	mov	r20, r5
    227c:	46 95       	lsr	r20
    227e:	46 95       	lsr	r20
    2280:	46 95       	lsr	r20
    2282:	d6 01       	movw	r26, r12
    2284:	a4 0f       	add	r26, r20
    2286:	b1 1d       	adc	r27, r1
    2288:	45 2d       	mov	r20, r5
    228a:	47 70       	andi	r20, 0x07	; 7
    228c:	8b 01       	movw	r16, r22
    228e:	02 c0       	rjmp	.+4      	; 0x2294 <conv_brk+0x90>
    2290:	00 0f       	add	r16, r16
    2292:	11 1f       	adc	r17, r17
    2294:	4a 95       	dec	r20
    2296:	e2 f7       	brpl	.-8      	; 0x2290 <conv_brk+0x8c>
    2298:	a8 01       	movw	r20, r16
    229a:	5c 91       	ld	r21, X
    229c:	45 2b       	or	r20, r21
    229e:	4c 93       	st	X, r20
    22a0:	65 14       	cp	r6, r5
    22a2:	59 f0       	breq	.+22     	; 0x22ba <conv_brk+0xb6>
    22a4:	56 14       	cp	r5, r6
    22a6:	10 f4       	brcc	.+4      	; 0x22ac <conv_brk+0xa8>
    22a8:	53 94       	inc	r5
    22aa:	e7 cf       	rjmp	.-50     	; 0x227a <conv_brk+0x76>
    22ac:	5a 94       	dec	r5
    22ae:	e5 cf       	rjmp	.-54     	; 0x227a <conv_brk+0x76>
    22b0:	31 e0       	ldi	r19, 0x01	; 1
    22b2:	04 c0       	rjmp	.+8      	; 0x22bc <conv_brk+0xb8>
    22b4:	77 24       	eor	r7, r7
    22b6:	73 94       	inc	r7
    22b8:	01 c0       	rjmp	.+2      	; 0x22bc <conv_brk+0xb8>
    22ba:	71 2c       	mov	r7, r1
    22bc:	01 96       	adiw	r24, 0x01	; 1
    22be:	bf cf       	rjmp	.-130    	; 0x223e <conv_brk+0x3a>
    22c0:	77 20       	and	r7, r7
    22c2:	19 f0       	breq	.+6      	; 0x22ca <conv_brk+0xc6>
    22c4:	8e 81       	ldd	r24, Y+6	; 0x06
    22c6:	80 62       	ori	r24, 0x20	; 32
    22c8:	8e 83       	std	Y+6, r24	; 0x06
    22ca:	31 11       	cpse	r19, r1
    22cc:	03 c0       	rjmp	.+6      	; 0x22d4 <conv_brk+0xd0>
    22ce:	88 24       	eor	r8, r8
    22d0:	83 94       	inc	r8
    22d2:	17 c0       	rjmp	.+46     	; 0x2302 <conv_brk+0xfe>
    22d4:	f6 01       	movw	r30, r12
    22d6:	9e 01       	movw	r18, r28
    22d8:	2f 5d       	subi	r18, 0xDF	; 223
    22da:	3f 4f       	sbci	r19, 0xFF	; 255
    22dc:	80 81       	ld	r24, Z
    22de:	80 95       	com	r24
    22e0:	81 93       	st	Z+, r24
    22e2:	2e 17       	cp	r18, r30
    22e4:	3f 07       	cpc	r19, r31
    22e6:	d1 f7       	brne	.-12     	; 0x22dc <conv_brk+0xd8>
    22e8:	f2 cf       	rjmp	.-28     	; 0x22ce <conv_brk+0xca>
    22ea:	e1 14       	cp	r14, r1
    22ec:	f1 04       	cpc	r15, r1
    22ee:	29 f0       	breq	.+10     	; 0x22fa <conv_brk+0xf6>
    22f0:	d7 01       	movw	r26, r14
    22f2:	8c 93       	st	X, r24
    22f4:	f7 01       	movw	r30, r14
    22f6:	31 96       	adiw	r30, 0x01	; 1
    22f8:	7f 01       	movw	r14, r30
    22fa:	9a 94       	dec	r9
    22fc:	81 2c       	mov	r8, r1
    22fe:	99 20       	and	r9, r9
    2300:	f9 f0       	breq	.+62     	; 0x2340 <conv_brk+0x13c>
    2302:	c5 01       	movw	r24, r10
    2304:	0e 94 fb 12 	call	0x25f6	; 0x25f6 <fgetc>
    2308:	97 fd       	sbrc	r25, 7
    230a:	18 c0       	rjmp	.+48     	; 0x233c <conv_brk+0x138>
    230c:	fc 01       	movw	r30, r24
    230e:	ff 27       	eor	r31, r31
    2310:	23 e0       	ldi	r18, 0x03	; 3
    2312:	f5 95       	asr	r31
    2314:	e7 95       	ror	r30
    2316:	2a 95       	dec	r18
    2318:	e1 f7       	brne	.-8      	; 0x2312 <conv_brk+0x10e>
    231a:	ec 0d       	add	r30, r12
    231c:	fd 1d       	adc	r31, r13
    231e:	20 81       	ld	r18, Z
    2320:	30 e0       	ldi	r19, 0x00	; 0
    2322:	ac 01       	movw	r20, r24
    2324:	47 70       	andi	r20, 0x07	; 7
    2326:	55 27       	eor	r21, r21
    2328:	02 c0       	rjmp	.+4      	; 0x232e <conv_brk+0x12a>
    232a:	35 95       	asr	r19
    232c:	27 95       	ror	r18
    232e:	4a 95       	dec	r20
    2330:	e2 f7       	brpl	.-8      	; 0x232a <conv_brk+0x126>
    2332:	20 fd       	sbrc	r18, 0
    2334:	da cf       	rjmp	.-76     	; 0x22ea <conv_brk+0xe6>
    2336:	b5 01       	movw	r22, r10
    2338:	0e 94 75 13 	call	0x26ea	; 0x26ea <ungetc>
    233c:	81 10       	cpse	r8, r1
    233e:	87 cf       	rjmp	.-242    	; 0x224e <conv_brk+0x4a>
    2340:	e1 14       	cp	r14, r1
    2342:	f1 04       	cpc	r15, r1
    2344:	11 f0       	breq	.+4      	; 0x234a <conv_brk+0x146>
    2346:	d7 01       	movw	r26, r14
    2348:	1c 92       	st	X, r1
    234a:	c8 01       	movw	r24, r16
    234c:	15 c0       	rjmp	.+42     	; 0x2378 <conv_brk+0x174>
    234e:	42 2f       	mov	r20, r18
    2350:	46 95       	lsr	r20
    2352:	46 95       	lsr	r20
    2354:	46 95       	lsr	r20
    2356:	d6 01       	movw	r26, r12
    2358:	a4 0f       	add	r26, r20
    235a:	b1 1d       	adc	r27, r1
    235c:	42 2f       	mov	r20, r18
    235e:	47 70       	andi	r20, 0x07	; 7
    2360:	8b 01       	movw	r16, r22
    2362:	02 c0       	rjmp	.+4      	; 0x2368 <conv_brk+0x164>
    2364:	00 0f       	add	r16, r16
    2366:	11 1f       	adc	r17, r17
    2368:	4a 95       	dec	r20
    236a:	e2 f7       	brpl	.-8      	; 0x2364 <conv_brk+0x160>
    236c:	a8 01       	movw	r20, r16
    236e:	5c 91       	ld	r21, X
    2370:	45 2b       	or	r20, r21
    2372:	4c 93       	st	X, r20
    2374:	62 2e       	mov	r6, r18
    2376:	a2 cf       	rjmp	.-188    	; 0x22bc <conv_brk+0xb8>
    2378:	a0 96       	adiw	r28, 0x20	; 32
    237a:	ef e0       	ldi	r30, 0x0F	; 15
    237c:	0c 94 0e 14 	jmp	0x281c	; 0x281c <__epilogue_restores__+0x6>

00002380 <vfscanf>:
    2380:	a0 e0       	ldi	r26, 0x00	; 0
    2382:	b0 e0       	ldi	r27, 0x00	; 0
    2384:	e6 ec       	ldi	r30, 0xC6	; 198
    2386:	f1 e1       	ldi	r31, 0x11	; 17
    2388:	0c 94 f2 13 	jmp	0x27e4	; 0x27e4 <__prologue_saves__+0x6>
    238c:	6c 01       	movw	r12, r24
    238e:	eb 01       	movw	r28, r22
    2390:	5a 01       	movw	r10, r20
    2392:	fc 01       	movw	r30, r24
    2394:	17 82       	std	Z+7, r1	; 0x07
    2396:	16 82       	std	Z+6, r1	; 0x06
    2398:	51 2c       	mov	r5, r1
    239a:	f6 01       	movw	r30, r12
    239c:	e3 80       	ldd	r14, Z+3	; 0x03
    239e:	fe 01       	movw	r30, r28
    23a0:	e3 fc       	sbrc	r14, 3
    23a2:	85 91       	lpm	r24, Z+
    23a4:	e3 fe       	sbrs	r14, 3
    23a6:	81 91       	ld	r24, Z+
    23a8:	18 2f       	mov	r17, r24
    23aa:	ef 01       	movw	r28, r30
    23ac:	88 23       	and	r24, r24
    23ae:	09 f4       	brne	.+2      	; 0x23b2 <vfscanf+0x32>
    23b0:	ee c0       	rjmp	.+476    	; 0x258e <vfscanf+0x20e>
    23b2:	90 e0       	ldi	r25, 0x00	; 0
    23b4:	0e 94 d1 12 	call	0x25a2	; 0x25a2 <isspace>
    23b8:	89 2b       	or	r24, r25
    23ba:	21 f0       	breq	.+8      	; 0x23c4 <vfscanf+0x44>
    23bc:	c6 01       	movw	r24, r12
    23be:	0e 94 57 10 	call	0x20ae	; 0x20ae <skip_spaces>
    23c2:	eb cf       	rjmp	.-42     	; 0x239a <vfscanf+0x1a>
    23c4:	15 32       	cpi	r17, 0x25	; 37
    23c6:	41 f4       	brne	.+16     	; 0x23d8 <vfscanf+0x58>
    23c8:	fe 01       	movw	r30, r28
    23ca:	e3 fc       	sbrc	r14, 3
    23cc:	15 91       	lpm	r17, Z+
    23ce:	e3 fe       	sbrs	r14, 3
    23d0:	11 91       	ld	r17, Z+
    23d2:	ef 01       	movw	r28, r30
    23d4:	15 32       	cpi	r17, 0x25	; 37
    23d6:	81 f4       	brne	.+32     	; 0x23f8 <vfscanf+0x78>
    23d8:	c6 01       	movw	r24, r12
    23da:	0e 94 fb 12 	call	0x25f6	; 0x25f6 <fgetc>
    23de:	97 fd       	sbrc	r25, 7
    23e0:	d4 c0       	rjmp	.+424    	; 0x258a <vfscanf+0x20a>
    23e2:	41 2f       	mov	r20, r17
    23e4:	50 e0       	ldi	r21, 0x00	; 0
    23e6:	9c 01       	movw	r18, r24
    23e8:	33 27       	eor	r19, r19
    23ea:	24 17       	cp	r18, r20
    23ec:	35 07       	cpc	r19, r21
    23ee:	a9 f2       	breq	.-86     	; 0x239a <vfscanf+0x1a>
    23f0:	b6 01       	movw	r22, r12
    23f2:	0e 94 75 13 	call	0x26ea	; 0x26ea <ungetc>
    23f6:	cb c0       	rjmp	.+406    	; 0x258e <vfscanf+0x20e>
    23f8:	1a 32       	cpi	r17, 0x2A	; 42
    23fa:	39 f4       	brne	.+14     	; 0x240a <vfscanf+0x8a>
    23fc:	e3 fc       	sbrc	r14, 3
    23fe:	15 91       	lpm	r17, Z+
    2400:	e3 fe       	sbrs	r14, 3
    2402:	11 91       	ld	r17, Z+
    2404:	ef 01       	movw	r28, r30
    2406:	01 e0       	ldi	r16, 0x01	; 1
    2408:	01 c0       	rjmp	.+2      	; 0x240c <vfscanf+0x8c>
    240a:	00 e0       	ldi	r16, 0x00	; 0
    240c:	f1 2c       	mov	r15, r1
    240e:	20 ed       	ldi	r18, 0xD0	; 208
    2410:	21 0f       	add	r18, r17
    2412:	2a 30       	cpi	r18, 0x0A	; 10
    2414:	80 f4       	brcc	.+32     	; 0x2436 <vfscanf+0xb6>
    2416:	02 60       	ori	r16, 0x02	; 2
    2418:	6f 2d       	mov	r22, r15
    241a:	70 e0       	ldi	r23, 0x00	; 0
    241c:	80 e0       	ldi	r24, 0x00	; 0
    241e:	90 e0       	ldi	r25, 0x00	; 0
    2420:	40 e2       	ldi	r20, 0x20	; 32
    2422:	0e 94 30 10 	call	0x2060	; 0x2060 <mulacc>
    2426:	f6 2e       	mov	r15, r22
    2428:	fe 01       	movw	r30, r28
    242a:	e3 fc       	sbrc	r14, 3
    242c:	15 91       	lpm	r17, Z+
    242e:	e3 fe       	sbrs	r14, 3
    2430:	11 91       	ld	r17, Z+
    2432:	ef 01       	movw	r28, r30
    2434:	ec cf       	rjmp	.-40     	; 0x240e <vfscanf+0x8e>
    2436:	01 ff       	sbrs	r16, 1
    2438:	03 c0       	rjmp	.+6      	; 0x2440 <vfscanf+0xc0>
    243a:	f1 10       	cpse	r15, r1
    243c:	03 c0       	rjmp	.+6      	; 0x2444 <vfscanf+0xc4>
    243e:	a7 c0       	rjmp	.+334    	; 0x258e <vfscanf+0x20e>
    2440:	ff 24       	eor	r15, r15
    2442:	fa 94       	dec	r15
    2444:	18 36       	cpi	r17, 0x68	; 104
    2446:	19 f0       	breq	.+6      	; 0x244e <vfscanf+0xce>
    2448:	1c 36       	cpi	r17, 0x6C	; 108
    244a:	51 f0       	breq	.+20     	; 0x2460 <vfscanf+0xe0>
    244c:	10 c0       	rjmp	.+32     	; 0x246e <vfscanf+0xee>
    244e:	fe 01       	movw	r30, r28
    2450:	e3 fc       	sbrc	r14, 3
    2452:	15 91       	lpm	r17, Z+
    2454:	e3 fe       	sbrs	r14, 3
    2456:	11 91       	ld	r17, Z+
    2458:	ef 01       	movw	r28, r30
    245a:	18 36       	cpi	r17, 0x68	; 104
    245c:	41 f4       	brne	.+16     	; 0x246e <vfscanf+0xee>
    245e:	08 60       	ori	r16, 0x08	; 8
    2460:	04 60       	ori	r16, 0x04	; 4
    2462:	fe 01       	movw	r30, r28
    2464:	e3 fc       	sbrc	r14, 3
    2466:	15 91       	lpm	r17, Z+
    2468:	e3 fe       	sbrs	r14, 3
    246a:	11 91       	ld	r17, Z+
    246c:	ef 01       	movw	r28, r30
    246e:	11 23       	and	r17, r17
    2470:	09 f4       	brne	.+2      	; 0x2474 <vfscanf+0xf4>
    2472:	8d c0       	rjmp	.+282    	; 0x258e <vfscanf+0x20e>
    2474:	61 2f       	mov	r22, r17
    2476:	70 e0       	ldi	r23, 0x00	; 0
    2478:	84 ec       	ldi	r24, 0xC4	; 196
    247a:	90 e0       	ldi	r25, 0x00	; 0
    247c:	0e 94 da 12 	call	0x25b4	; 0x25b4 <strchr_P>
    2480:	89 2b       	or	r24, r25
    2482:	09 f4       	brne	.+2      	; 0x2486 <vfscanf+0x106>
    2484:	84 c0       	rjmp	.+264    	; 0x258e <vfscanf+0x20e>
    2486:	00 fd       	sbrc	r16, 0
    2488:	07 c0       	rjmp	.+14     	; 0x2498 <vfscanf+0x118>
    248a:	f5 01       	movw	r30, r10
    248c:	80 80       	ld	r8, Z
    248e:	91 80       	ldd	r9, Z+1	; 0x01
    2490:	c5 01       	movw	r24, r10
    2492:	02 96       	adiw	r24, 0x02	; 2
    2494:	5c 01       	movw	r10, r24
    2496:	02 c0       	rjmp	.+4      	; 0x249c <vfscanf+0x11c>
    2498:	81 2c       	mov	r8, r1
    249a:	91 2c       	mov	r9, r1
    249c:	1e 36       	cpi	r17, 0x6E	; 110
    249e:	51 f4       	brne	.+20     	; 0x24b4 <vfscanf+0x134>
    24a0:	f6 01       	movw	r30, r12
    24a2:	46 81       	ldd	r20, Z+6	; 0x06
    24a4:	57 81       	ldd	r21, Z+7	; 0x07
    24a6:	60 e0       	ldi	r22, 0x00	; 0
    24a8:	70 e0       	ldi	r23, 0x00	; 0
    24aa:	20 2f       	mov	r18, r16
    24ac:	c4 01       	movw	r24, r8
    24ae:	0e 94 24 10 	call	0x2048	; 0x2048 <putval>
    24b2:	73 cf       	rjmp	.-282    	; 0x239a <vfscanf+0x1a>
    24b4:	13 36       	cpi	r17, 0x63	; 99
    24b6:	a9 f4       	brne	.+42     	; 0x24e2 <vfscanf+0x162>
    24b8:	01 fd       	sbrc	r16, 1
    24ba:	02 c0       	rjmp	.+4      	; 0x24c0 <vfscanf+0x140>
    24bc:	ff 24       	eor	r15, r15
    24be:	f3 94       	inc	r15
    24c0:	c6 01       	movw	r24, r12
    24c2:	0e 94 fb 12 	call	0x25f6	; 0x25f6 <fgetc>
    24c6:	97 fd       	sbrc	r25, 7
    24c8:	60 c0       	rjmp	.+192    	; 0x258a <vfscanf+0x20a>
    24ca:	81 14       	cp	r8, r1
    24cc:	91 04       	cpc	r9, r1
    24ce:	29 f0       	breq	.+10     	; 0x24da <vfscanf+0x15a>
    24d0:	f4 01       	movw	r30, r8
    24d2:	80 83       	st	Z, r24
    24d4:	c4 01       	movw	r24, r8
    24d6:	01 96       	adiw	r24, 0x01	; 1
    24d8:	4c 01       	movw	r8, r24
    24da:	fa 94       	dec	r15
    24dc:	f1 10       	cpse	r15, r1
    24de:	f0 cf       	rjmp	.-32     	; 0x24c0 <vfscanf+0x140>
    24e0:	50 c0       	rjmp	.+160    	; 0x2582 <vfscanf+0x202>
    24e2:	1b 35       	cpi	r17, 0x5B	; 91
    24e4:	59 f4       	brne	.+22     	; 0x24fc <vfscanf+0x17c>
    24e6:	9e 01       	movw	r18, r28
    24e8:	a4 01       	movw	r20, r8
    24ea:	6f 2d       	mov	r22, r15
    24ec:	c6 01       	movw	r24, r12
    24ee:	0e 94 02 11 	call	0x2204	; 0x2204 <conv_brk>
    24f2:	ec 01       	movw	r28, r24
    24f4:	89 2b       	or	r24, r25
    24f6:	09 f0       	breq	.+2      	; 0x24fa <vfscanf+0x17a>
    24f8:	44 c0       	rjmp	.+136    	; 0x2582 <vfscanf+0x202>
    24fa:	3e c0       	rjmp	.+124    	; 0x2578 <vfscanf+0x1f8>
    24fc:	c6 01       	movw	r24, r12
    24fe:	0e 94 57 10 	call	0x20ae	; 0x20ae <skip_spaces>
    2502:	97 fd       	sbrc	r25, 7
    2504:	42 c0       	rjmp	.+132    	; 0x258a <vfscanf+0x20a>
    2506:	1f 36       	cpi	r17, 0x6F	; 111
    2508:	61 f1       	breq	.+88     	; 0x2562 <vfscanf+0x1e2>
    250a:	28 f4       	brcc	.+10     	; 0x2516 <vfscanf+0x196>
    250c:	14 36       	cpi	r17, 0x64	; 100
    250e:	39 f1       	breq	.+78     	; 0x255e <vfscanf+0x1de>
    2510:	19 36       	cpi	r17, 0x69	; 105
    2512:	51 f1       	breq	.+84     	; 0x2568 <vfscanf+0x1e8>
    2514:	28 c0       	rjmp	.+80     	; 0x2566 <vfscanf+0x1e6>
    2516:	13 37       	cpi	r17, 0x73	; 115
    2518:	71 f0       	breq	.+28     	; 0x2536 <vfscanf+0x1b6>
    251a:	15 37       	cpi	r17, 0x75	; 117
    251c:	01 f1       	breq	.+64     	; 0x255e <vfscanf+0x1de>
    251e:	23 c0       	rjmp	.+70     	; 0x2566 <vfscanf+0x1e6>
    2520:	81 14       	cp	r8, r1
    2522:	91 04       	cpc	r9, r1
    2524:	29 f0       	breq	.+10     	; 0x2530 <vfscanf+0x1b0>
    2526:	f4 01       	movw	r30, r8
    2528:	60 82       	st	Z, r6
    252a:	c4 01       	movw	r24, r8
    252c:	01 96       	adiw	r24, 0x01	; 1
    252e:	4c 01       	movw	r8, r24
    2530:	fa 94       	dec	r15
    2532:	ff 20       	and	r15, r15
    2534:	71 f0       	breq	.+28     	; 0x2552 <vfscanf+0x1d2>
    2536:	c6 01       	movw	r24, r12
    2538:	0e 94 fb 12 	call	0x25f6	; 0x25f6 <fgetc>
    253c:	3c 01       	movw	r6, r24
    253e:	97 fd       	sbrc	r25, 7
    2540:	08 c0       	rjmp	.+16     	; 0x2552 <vfscanf+0x1d2>
    2542:	0e 94 d1 12 	call	0x25a2	; 0x25a2 <isspace>
    2546:	89 2b       	or	r24, r25
    2548:	59 f3       	breq	.-42     	; 0x2520 <vfscanf+0x1a0>
    254a:	b6 01       	movw	r22, r12
    254c:	c3 01       	movw	r24, r6
    254e:	0e 94 75 13 	call	0x26ea	; 0x26ea <ungetc>
    2552:	81 14       	cp	r8, r1
    2554:	91 04       	cpc	r9, r1
    2556:	a9 f0       	breq	.+42     	; 0x2582 <vfscanf+0x202>
    2558:	f4 01       	movw	r30, r8
    255a:	10 82       	st	Z, r1
    255c:	12 c0       	rjmp	.+36     	; 0x2582 <vfscanf+0x202>
    255e:	00 62       	ori	r16, 0x20	; 32
    2560:	03 c0       	rjmp	.+6      	; 0x2568 <vfscanf+0x1e8>
    2562:	00 61       	ori	r16, 0x10	; 16
    2564:	01 c0       	rjmp	.+2      	; 0x2568 <vfscanf+0x1e8>
    2566:	00 64       	ori	r16, 0x40	; 64
    2568:	20 2f       	mov	r18, r16
    256a:	a4 01       	movw	r20, r8
    256c:	6f 2d       	mov	r22, r15
    256e:	c6 01       	movw	r24, r12
    2570:	0e 94 70 10 	call	0x20e0	; 0x20e0 <conv_int>
    2574:	81 11       	cpse	r24, r1
    2576:	05 c0       	rjmp	.+10     	; 0x2582 <vfscanf+0x202>
    2578:	f6 01       	movw	r30, r12
    257a:	83 81       	ldd	r24, Z+3	; 0x03
    257c:	80 73       	andi	r24, 0x30	; 48
    257e:	29 f4       	brne	.+10     	; 0x258a <vfscanf+0x20a>
    2580:	06 c0       	rjmp	.+12     	; 0x258e <vfscanf+0x20e>
    2582:	00 fd       	sbrc	r16, 0
    2584:	0a cf       	rjmp	.-492    	; 0x239a <vfscanf+0x1a>
    2586:	53 94       	inc	r5
    2588:	08 cf       	rjmp	.-496    	; 0x239a <vfscanf+0x1a>
    258a:	55 20       	and	r5, r5
    258c:	19 f0       	breq	.+6      	; 0x2594 <vfscanf+0x214>
    258e:	85 2d       	mov	r24, r5
    2590:	90 e0       	ldi	r25, 0x00	; 0
    2592:	02 c0       	rjmp	.+4      	; 0x2598 <vfscanf+0x218>
    2594:	8f ef       	ldi	r24, 0xFF	; 255
    2596:	9f ef       	ldi	r25, 0xFF	; 255
    2598:	cd b7       	in	r28, 0x3d	; 61
    259a:	de b7       	in	r29, 0x3e	; 62
    259c:	ef e0       	ldi	r30, 0x0F	; 15
    259e:	0c 94 0e 14 	jmp	0x281c	; 0x281c <__epilogue_restores__+0x6>

000025a2 <isspace>:
    25a2:	91 11       	cpse	r25, r1
    25a4:	0c 94 ec 13 	jmp	0x27d8	; 0x27d8 <__ctype_isfalse>
    25a8:	80 32       	cpi	r24, 0x20	; 32
    25aa:	19 f0       	breq	.+6      	; 0x25b2 <isspace+0x10>
    25ac:	89 50       	subi	r24, 0x09	; 9
    25ae:	85 50       	subi	r24, 0x05	; 5
    25b0:	c8 f7       	brcc	.-14     	; 0x25a4 <isspace+0x2>
    25b2:	08 95       	ret

000025b4 <strchr_P>:
    25b4:	fc 01       	movw	r30, r24
    25b6:	05 90       	lpm	r0, Z+
    25b8:	06 16       	cp	r0, r22
    25ba:	21 f0       	breq	.+8      	; 0x25c4 <strchr_P+0x10>
    25bc:	00 20       	and	r0, r0
    25be:	d9 f7       	brne	.-10     	; 0x25b6 <strchr_P+0x2>
    25c0:	c0 01       	movw	r24, r0
    25c2:	08 95       	ret
    25c4:	31 97       	sbiw	r30, 0x01	; 1
    25c6:	cf 01       	movw	r24, r30
    25c8:	08 95       	ret

000025ca <strnlen_P>:
    25ca:	fc 01       	movw	r30, r24
    25cc:	05 90       	lpm	r0, Z+
    25ce:	61 50       	subi	r22, 0x01	; 1
    25d0:	70 40       	sbci	r23, 0x00	; 0
    25d2:	01 10       	cpse	r0, r1
    25d4:	d8 f7       	brcc	.-10     	; 0x25cc <strnlen_P+0x2>
    25d6:	80 95       	com	r24
    25d8:	90 95       	com	r25
    25da:	8e 0f       	add	r24, r30
    25dc:	9f 1f       	adc	r25, r31
    25de:	08 95       	ret

000025e0 <strnlen>:
    25e0:	fc 01       	movw	r30, r24
    25e2:	61 50       	subi	r22, 0x01	; 1
    25e4:	70 40       	sbci	r23, 0x00	; 0
    25e6:	01 90       	ld	r0, Z+
    25e8:	01 10       	cpse	r0, r1
    25ea:	d8 f7       	brcc	.-10     	; 0x25e2 <strnlen+0x2>
    25ec:	80 95       	com	r24
    25ee:	90 95       	com	r25
    25f0:	8e 0f       	add	r24, r30
    25f2:	9f 1f       	adc	r25, r31
    25f4:	08 95       	ret

000025f6 <fgetc>:
    25f6:	cf 93       	push	r28
    25f8:	df 93       	push	r29
    25fa:	ec 01       	movw	r28, r24
    25fc:	2b 81       	ldd	r18, Y+3	; 0x03
    25fe:	20 ff       	sbrs	r18, 0
    2600:	33 c0       	rjmp	.+102    	; 0x2668 <fgetc+0x72>
    2602:	26 ff       	sbrs	r18, 6
    2604:	0a c0       	rjmp	.+20     	; 0x261a <fgetc+0x24>
    2606:	2f 7b       	andi	r18, 0xBF	; 191
    2608:	2b 83       	std	Y+3, r18	; 0x03
    260a:	8e 81       	ldd	r24, Y+6	; 0x06
    260c:	9f 81       	ldd	r25, Y+7	; 0x07
    260e:	01 96       	adiw	r24, 0x01	; 1
    2610:	9f 83       	std	Y+7, r25	; 0x07
    2612:	8e 83       	std	Y+6, r24	; 0x06
    2614:	8a 81       	ldd	r24, Y+2	; 0x02
    2616:	90 e0       	ldi	r25, 0x00	; 0
    2618:	29 c0       	rjmp	.+82     	; 0x266c <fgetc+0x76>
    261a:	22 ff       	sbrs	r18, 2
    261c:	0f c0       	rjmp	.+30     	; 0x263c <fgetc+0x46>
    261e:	e8 81       	ld	r30, Y
    2620:	f9 81       	ldd	r31, Y+1	; 0x01
    2622:	80 81       	ld	r24, Z
    2624:	08 2e       	mov	r0, r24
    2626:	00 0c       	add	r0, r0
    2628:	99 0b       	sbc	r25, r25
    262a:	00 97       	sbiw	r24, 0x00	; 0
    262c:	19 f4       	brne	.+6      	; 0x2634 <fgetc+0x3e>
    262e:	20 62       	ori	r18, 0x20	; 32
    2630:	2b 83       	std	Y+3, r18	; 0x03
    2632:	1a c0       	rjmp	.+52     	; 0x2668 <fgetc+0x72>
    2634:	31 96       	adiw	r30, 0x01	; 1
    2636:	f9 83       	std	Y+1, r31	; 0x01
    2638:	e8 83       	st	Y, r30
    263a:	0e c0       	rjmp	.+28     	; 0x2658 <fgetc+0x62>
    263c:	ea 85       	ldd	r30, Y+10	; 0x0a
    263e:	fb 85       	ldd	r31, Y+11	; 0x0b
    2640:	09 95       	icall
    2642:	97 ff       	sbrs	r25, 7
    2644:	09 c0       	rjmp	.+18     	; 0x2658 <fgetc+0x62>
    2646:	2b 81       	ldd	r18, Y+3	; 0x03
    2648:	01 96       	adiw	r24, 0x01	; 1
    264a:	11 f0       	breq	.+4      	; 0x2650 <fgetc+0x5a>
    264c:	80 e2       	ldi	r24, 0x20	; 32
    264e:	01 c0       	rjmp	.+2      	; 0x2652 <fgetc+0x5c>
    2650:	80 e1       	ldi	r24, 0x10	; 16
    2652:	82 2b       	or	r24, r18
    2654:	8b 83       	std	Y+3, r24	; 0x03
    2656:	08 c0       	rjmp	.+16     	; 0x2668 <fgetc+0x72>
    2658:	2e 81       	ldd	r18, Y+6	; 0x06
    265a:	3f 81       	ldd	r19, Y+7	; 0x07
    265c:	2f 5f       	subi	r18, 0xFF	; 255
    265e:	3f 4f       	sbci	r19, 0xFF	; 255
    2660:	3f 83       	std	Y+7, r19	; 0x07
    2662:	2e 83       	std	Y+6, r18	; 0x06
    2664:	99 27       	eor	r25, r25
    2666:	02 c0       	rjmp	.+4      	; 0x266c <fgetc+0x76>
    2668:	8f ef       	ldi	r24, 0xFF	; 255
    266a:	9f ef       	ldi	r25, 0xFF	; 255
    266c:	df 91       	pop	r29
    266e:	cf 91       	pop	r28
    2670:	08 95       	ret

00002672 <fputc>:
    2672:	0f 93       	push	r16
    2674:	1f 93       	push	r17
    2676:	cf 93       	push	r28
    2678:	df 93       	push	r29
    267a:	fb 01       	movw	r30, r22
    267c:	23 81       	ldd	r18, Z+3	; 0x03
    267e:	21 fd       	sbrc	r18, 1
    2680:	03 c0       	rjmp	.+6      	; 0x2688 <fputc+0x16>
    2682:	8f ef       	ldi	r24, 0xFF	; 255
    2684:	9f ef       	ldi	r25, 0xFF	; 255
    2686:	2c c0       	rjmp	.+88     	; 0x26e0 <fputc+0x6e>
    2688:	22 ff       	sbrs	r18, 2
    268a:	16 c0       	rjmp	.+44     	; 0x26b8 <fputc+0x46>
    268c:	46 81       	ldd	r20, Z+6	; 0x06
    268e:	57 81       	ldd	r21, Z+7	; 0x07
    2690:	24 81       	ldd	r18, Z+4	; 0x04
    2692:	35 81       	ldd	r19, Z+5	; 0x05
    2694:	42 17       	cp	r20, r18
    2696:	53 07       	cpc	r21, r19
    2698:	44 f4       	brge	.+16     	; 0x26aa <fputc+0x38>
    269a:	a0 81       	ld	r26, Z
    269c:	b1 81       	ldd	r27, Z+1	; 0x01
    269e:	9d 01       	movw	r18, r26
    26a0:	2f 5f       	subi	r18, 0xFF	; 255
    26a2:	3f 4f       	sbci	r19, 0xFF	; 255
    26a4:	31 83       	std	Z+1, r19	; 0x01
    26a6:	20 83       	st	Z, r18
    26a8:	8c 93       	st	X, r24
    26aa:	26 81       	ldd	r18, Z+6	; 0x06
    26ac:	37 81       	ldd	r19, Z+7	; 0x07
    26ae:	2f 5f       	subi	r18, 0xFF	; 255
    26b0:	3f 4f       	sbci	r19, 0xFF	; 255
    26b2:	37 83       	std	Z+7, r19	; 0x07
    26b4:	26 83       	std	Z+6, r18	; 0x06
    26b6:	14 c0       	rjmp	.+40     	; 0x26e0 <fputc+0x6e>
    26b8:	8b 01       	movw	r16, r22
    26ba:	ec 01       	movw	r28, r24
    26bc:	fb 01       	movw	r30, r22
    26be:	00 84       	ldd	r0, Z+8	; 0x08
    26c0:	f1 85       	ldd	r31, Z+9	; 0x09
    26c2:	e0 2d       	mov	r30, r0
    26c4:	09 95       	icall
    26c6:	89 2b       	or	r24, r25
    26c8:	e1 f6       	brne	.-72     	; 0x2682 <fputc+0x10>
    26ca:	d8 01       	movw	r26, r16
    26cc:	16 96       	adiw	r26, 0x06	; 6
    26ce:	8d 91       	ld	r24, X+
    26d0:	9c 91       	ld	r25, X
    26d2:	17 97       	sbiw	r26, 0x07	; 7
    26d4:	01 96       	adiw	r24, 0x01	; 1
    26d6:	17 96       	adiw	r26, 0x07	; 7
    26d8:	9c 93       	st	X, r25
    26da:	8e 93       	st	-X, r24
    26dc:	16 97       	sbiw	r26, 0x06	; 6
    26de:	ce 01       	movw	r24, r28
    26e0:	df 91       	pop	r29
    26e2:	cf 91       	pop	r28
    26e4:	1f 91       	pop	r17
    26e6:	0f 91       	pop	r16
    26e8:	08 95       	ret

000026ea <ungetc>:
    26ea:	fb 01       	movw	r30, r22
    26ec:	23 81       	ldd	r18, Z+3	; 0x03
    26ee:	20 ff       	sbrs	r18, 0
    26f0:	12 c0       	rjmp	.+36     	; 0x2716 <ungetc+0x2c>
    26f2:	26 fd       	sbrc	r18, 6
    26f4:	10 c0       	rjmp	.+32     	; 0x2716 <ungetc+0x2c>
    26f6:	8f 3f       	cpi	r24, 0xFF	; 255
    26f8:	3f ef       	ldi	r19, 0xFF	; 255
    26fa:	93 07       	cpc	r25, r19
    26fc:	61 f0       	breq	.+24     	; 0x2716 <ungetc+0x2c>
    26fe:	82 83       	std	Z+2, r24	; 0x02
    2700:	2f 7d       	andi	r18, 0xDF	; 223
    2702:	20 64       	ori	r18, 0x40	; 64
    2704:	23 83       	std	Z+3, r18	; 0x03
    2706:	26 81       	ldd	r18, Z+6	; 0x06
    2708:	37 81       	ldd	r19, Z+7	; 0x07
    270a:	21 50       	subi	r18, 0x01	; 1
    270c:	31 09       	sbc	r19, r1
    270e:	37 83       	std	Z+7, r19	; 0x07
    2710:	26 83       	std	Z+6, r18	; 0x06
    2712:	99 27       	eor	r25, r25
    2714:	08 95       	ret
    2716:	8f ef       	ldi	r24, 0xFF	; 255
    2718:	9f ef       	ldi	r25, 0xFF	; 255
    271a:	08 95       	ret

0000271c <__ultoa_invert>:
    271c:	fa 01       	movw	r30, r20
    271e:	aa 27       	eor	r26, r26
    2720:	28 30       	cpi	r18, 0x08	; 8
    2722:	51 f1       	breq	.+84     	; 0x2778 <__ultoa_invert+0x5c>
    2724:	20 31       	cpi	r18, 0x10	; 16
    2726:	81 f1       	breq	.+96     	; 0x2788 <__ultoa_invert+0x6c>
    2728:	e8 94       	clt
    272a:	6f 93       	push	r22
    272c:	6e 7f       	andi	r22, 0xFE	; 254
    272e:	6e 5f       	subi	r22, 0xFE	; 254
    2730:	7f 4f       	sbci	r23, 0xFF	; 255
    2732:	8f 4f       	sbci	r24, 0xFF	; 255
    2734:	9f 4f       	sbci	r25, 0xFF	; 255
    2736:	af 4f       	sbci	r26, 0xFF	; 255
    2738:	b1 e0       	ldi	r27, 0x01	; 1
    273a:	3e d0       	rcall	.+124    	; 0x27b8 <__ultoa_invert+0x9c>
    273c:	b4 e0       	ldi	r27, 0x04	; 4
    273e:	3c d0       	rcall	.+120    	; 0x27b8 <__ultoa_invert+0x9c>
    2740:	67 0f       	add	r22, r23
    2742:	78 1f       	adc	r23, r24
    2744:	89 1f       	adc	r24, r25
    2746:	9a 1f       	adc	r25, r26
    2748:	a1 1d       	adc	r26, r1
    274a:	68 0f       	add	r22, r24
    274c:	79 1f       	adc	r23, r25
    274e:	8a 1f       	adc	r24, r26
    2750:	91 1d       	adc	r25, r1
    2752:	a1 1d       	adc	r26, r1
    2754:	6a 0f       	add	r22, r26
    2756:	71 1d       	adc	r23, r1
    2758:	81 1d       	adc	r24, r1
    275a:	91 1d       	adc	r25, r1
    275c:	a1 1d       	adc	r26, r1
    275e:	20 d0       	rcall	.+64     	; 0x27a0 <__ultoa_invert+0x84>
    2760:	09 f4       	brne	.+2      	; 0x2764 <__ultoa_invert+0x48>
    2762:	68 94       	set
    2764:	3f 91       	pop	r19
    2766:	2a e0       	ldi	r18, 0x0A	; 10
    2768:	26 9f       	mul	r18, r22
    276a:	11 24       	eor	r1, r1
    276c:	30 19       	sub	r19, r0
    276e:	30 5d       	subi	r19, 0xD0	; 208
    2770:	31 93       	st	Z+, r19
    2772:	de f6       	brtc	.-74     	; 0x272a <__ultoa_invert+0xe>
    2774:	cf 01       	movw	r24, r30
    2776:	08 95       	ret
    2778:	46 2f       	mov	r20, r22
    277a:	47 70       	andi	r20, 0x07	; 7
    277c:	40 5d       	subi	r20, 0xD0	; 208
    277e:	41 93       	st	Z+, r20
    2780:	b3 e0       	ldi	r27, 0x03	; 3
    2782:	0f d0       	rcall	.+30     	; 0x27a2 <__ultoa_invert+0x86>
    2784:	c9 f7       	brne	.-14     	; 0x2778 <__ultoa_invert+0x5c>
    2786:	f6 cf       	rjmp	.-20     	; 0x2774 <__ultoa_invert+0x58>
    2788:	46 2f       	mov	r20, r22
    278a:	4f 70       	andi	r20, 0x0F	; 15
    278c:	40 5d       	subi	r20, 0xD0	; 208
    278e:	4a 33       	cpi	r20, 0x3A	; 58
    2790:	18 f0       	brcs	.+6      	; 0x2798 <__ultoa_invert+0x7c>
    2792:	49 5d       	subi	r20, 0xD9	; 217
    2794:	31 fd       	sbrc	r19, 1
    2796:	40 52       	subi	r20, 0x20	; 32
    2798:	41 93       	st	Z+, r20
    279a:	02 d0       	rcall	.+4      	; 0x27a0 <__ultoa_invert+0x84>
    279c:	a9 f7       	brne	.-22     	; 0x2788 <__ultoa_invert+0x6c>
    279e:	ea cf       	rjmp	.-44     	; 0x2774 <__ultoa_invert+0x58>
    27a0:	b4 e0       	ldi	r27, 0x04	; 4
    27a2:	a6 95       	lsr	r26
    27a4:	97 95       	ror	r25
    27a6:	87 95       	ror	r24
    27a8:	77 95       	ror	r23
    27aa:	67 95       	ror	r22
    27ac:	ba 95       	dec	r27
    27ae:	c9 f7       	brne	.-14     	; 0x27a2 <__ultoa_invert+0x86>
    27b0:	00 97       	sbiw	r24, 0x00	; 0
    27b2:	61 05       	cpc	r22, r1
    27b4:	71 05       	cpc	r23, r1
    27b6:	08 95       	ret
    27b8:	9b 01       	movw	r18, r22
    27ba:	ac 01       	movw	r20, r24
    27bc:	0a 2e       	mov	r0, r26
    27be:	06 94       	lsr	r0
    27c0:	57 95       	ror	r21
    27c2:	47 95       	ror	r20
    27c4:	37 95       	ror	r19
    27c6:	27 95       	ror	r18
    27c8:	ba 95       	dec	r27
    27ca:	c9 f7       	brne	.-14     	; 0x27be <__ultoa_invert+0xa2>
    27cc:	62 0f       	add	r22, r18
    27ce:	73 1f       	adc	r23, r19
    27d0:	84 1f       	adc	r24, r20
    27d2:	95 1f       	adc	r25, r21
    27d4:	a0 1d       	adc	r26, r0
    27d6:	08 95       	ret

000027d8 <__ctype_isfalse>:
    27d8:	99 27       	eor	r25, r25
    27da:	88 27       	eor	r24, r24

000027dc <__ctype_istrue>:
    27dc:	08 95       	ret

000027de <__prologue_saves__>:
    27de:	2f 92       	push	r2
    27e0:	3f 92       	push	r3
    27e2:	4f 92       	push	r4
    27e4:	5f 92       	push	r5
    27e6:	6f 92       	push	r6
    27e8:	7f 92       	push	r7
    27ea:	8f 92       	push	r8
    27ec:	9f 92       	push	r9
    27ee:	af 92       	push	r10
    27f0:	bf 92       	push	r11
    27f2:	cf 92       	push	r12
    27f4:	df 92       	push	r13
    27f6:	ef 92       	push	r14
    27f8:	ff 92       	push	r15
    27fa:	0f 93       	push	r16
    27fc:	1f 93       	push	r17
    27fe:	cf 93       	push	r28
    2800:	df 93       	push	r29
    2802:	cd b7       	in	r28, 0x3d	; 61
    2804:	de b7       	in	r29, 0x3e	; 62
    2806:	ca 1b       	sub	r28, r26
    2808:	db 0b       	sbc	r29, r27
    280a:	0f b6       	in	r0, 0x3f	; 63
    280c:	f8 94       	cli
    280e:	de bf       	out	0x3e, r29	; 62
    2810:	0f be       	out	0x3f, r0	; 63
    2812:	cd bf       	out	0x3d, r28	; 61
    2814:	09 94       	ijmp

00002816 <__epilogue_restores__>:
    2816:	2a 88       	ldd	r2, Y+18	; 0x12
    2818:	39 88       	ldd	r3, Y+17	; 0x11
    281a:	48 88       	ldd	r4, Y+16	; 0x10
    281c:	5f 84       	ldd	r5, Y+15	; 0x0f
    281e:	6e 84       	ldd	r6, Y+14	; 0x0e
    2820:	7d 84       	ldd	r7, Y+13	; 0x0d
    2822:	8c 84       	ldd	r8, Y+12	; 0x0c
    2824:	9b 84       	ldd	r9, Y+11	; 0x0b
    2826:	aa 84       	ldd	r10, Y+10	; 0x0a
    2828:	b9 84       	ldd	r11, Y+9	; 0x09
    282a:	c8 84       	ldd	r12, Y+8	; 0x08
    282c:	df 80       	ldd	r13, Y+7	; 0x07
    282e:	ee 80       	ldd	r14, Y+6	; 0x06
    2830:	fd 80       	ldd	r15, Y+5	; 0x05
    2832:	0c 81       	ldd	r16, Y+4	; 0x04
    2834:	1b 81       	ldd	r17, Y+3	; 0x03
    2836:	aa 81       	ldd	r26, Y+2	; 0x02
    2838:	b9 81       	ldd	r27, Y+1	; 0x01
    283a:	ce 0f       	add	r28, r30
    283c:	d1 1d       	adc	r29, r1
    283e:	0f b6       	in	r0, 0x3f	; 63
    2840:	f8 94       	cli
    2842:	de bf       	out	0x3e, r29	; 62
    2844:	0f be       	out	0x3f, r0	; 63
    2846:	cd bf       	out	0x3d, r28	; 61
    2848:	ed 01       	movw	r28, r26
    284a:	08 95       	ret

0000284c <_exit>:
    284c:	f8 94       	cli

0000284e <__stop_program>:
    284e:	ff cf       	rjmp	.-2      	; 0x284e <__stop_program>
